Source,Title,Link,Crawl_Time
Reuters,"US judge halts Trump plan to end protections for 350,000 Haitians",https://news.google.com/rss/articles/CBMioAFBVV95cUxQdDRNZW5tS1RXT0dic1dMVzB0YVhUNVA0VWl1YW1rMklZSjR1R1NPSDdNSjNqRlJmdWpEck1oVWRPd0phU3BqWGxkZ2FPMzlOdmladm0tY0RXeFhyRDZ6dnNaSWN6MEQtZFFkZmtLS2E0aEZlYnloeXNqQ1NRTXA1UDVMVS13TjNxR1ptd3FCVzdjeFVtcERUelRyUzh5bkZy?oc=5,2026-02-03 09:49:57
Reuters,Clintons agree to testify in Epstein congressional probe ahead of contempt vote,https://news.google.com/rss/articles/CBMiqAFBVV95cUxNZVB4cldhVF82aUNzVmJKMklySzBmOHhScXRnNnhRSUdpb2Zna01GNzdCVXJhS0pmRktNdGp2WmM4bkhnR2NfQURnX1dsc1I5eVB4b0pacUJXcTV4d1I4NGV4cU1RaXYwQ0JseTdFMUxpNGNxSmJ2bUI3Wk1ENms3RldBZWlxTXFLamtMY0NXOEp0N3dfTzBKRm9HN0k4OW9XNlRQRHdQd0k?oc=5,2026-02-03 09:49:57
Reuters,SpaceX acquires xAI in record-setting deal as Musk looks to unify AI and space ambitions,https://news.google.com/rss/articles/CBMiuwFBVV95cUxQMy1Ja2U2SmpZUGM1bmE1STZkcjc1RERuelNCY2J5M0IteFFoLVc0eV9LR3BfSU1JNnpZRExmZFlGTEdXMkxTWVRRc3ZjSXkwN1RaQXd5Ukh3Y0tSZ0xtYlhsS0FXWTRGLXZNd3BxTk41dWVZNENxZDE3WllDQkUtU20wY1gxRW1SaDJjMEJsOTJzWXZDTDRZdk92Q1BmSmNsUkhPanpQanFBRlA3MzctUFRiTEM4VFQ3eVJv?oc=5,2026-02-03 09:49:57
Reuters,"Exclusive: OpenAI is unsatisfied with some Nvidia chips and looking for alternatives, sources say",https://news.google.com/rss/articles/CBMivwFBVV95cUxNYnVFUmVoajZSWDVNYUtNX1dLZEltZ1J3VVkyYjFqXzVidnoxc0hJYTRmNDVwVjN1VmU0cGpNUHYwUUkwb3hBVFJPc0d4SnVCVEFRU0xqOHh5VS1SVl9zZVNvOHJBTmw4cDJMbXBjSTBNcDJzZ09TN2F1c2ZaOUdBX3pfOGYxX0dlTEdSQmp5eDJrT3JPdDBwbzlMMWVrVWE4eHJhejJST1RFV05zT2hNTDNPWm51TzFCR2JfMUFXaw?oc=5,2026-02-03 09:49:57
Reuters,Waymo valued at $126 billion in latest financing as robotaxis gather steam,https://news.google.com/rss/articles/CBMijwFBVV95cUxONC1saENyaE12aXlLVURIa0JsVmtFaEJ4dEpuMk0xR1FGYXRpeE1lYjl5blBfVWNFejJMV1hmdGxSSnNNZ0ZkMnlDR2R4UXJ5TUVXWmtqeG5RMEZTemZqaDFnRjhBSk9zZlFqdnFuenI1YkRPbUIxS2xhVE5nRWFGamhORGxlSndqTW1CSHBqYw?oc=5,2026-02-03 09:49:57
Reuters,"Ukrainian capital Kyiv, other cities, under Russian attack, officials say",https://news.google.com/rss/articles/CBMioAFBVV95cUxNVlBuNklvRHU5MVg4THZMa2VRMmlRZVpEb2FmX0pNNlJCNXNHbS1CWW5NaG5pbUNLZG05ZDlhcHgwQUV4Tm1mbXVuV2cyaXp5ZGZyNnJkeEJPdC0xR0NYYU8tOWVTX3NXSmNPUHhWSEg2dWlDZEFEYWhCOGdPdWFsMlM1SXYxU1Q1NlhTcFRfLVB0SDM4OGRYVDQxNVNpd0g3?oc=5,2026-02-03 09:49:57
Reuters,Palantir CEO defends surveillance tech as US government contracts boost sales,https://news.google.com/rss/articles/CBMiwAFBVV95cUxPMnNhX3phRGNEcERlOWwxNlRVYWo1Zi1jeC13cnhNNWlhQklBU2pwSzd2aTgtWXlhcHBiRUZ2MFZkamVHWXFnTUwtNGRaM2RIc2otZ09TcVpfODdxcER4cWFZSTNpcVRjejlnR1pIV2JsVHBROGxLZGJHYXRyWVpLMkYwZzM2aFVPcWg3dDNxMk9LNDY4bkg5RDFIbUNRT0xzQVRZblJfdHNSODBsLWF0WWlnci0zTFFiaFJSWXVrTWs?oc=5,2026-02-03 09:49:57
Reuters,Trump says US will have 'very substantial' response if Canada enacts trade deal with China,https://news.google.com/rss/articles/CBMiwwFBVV95cUxQUm1iLUFVUi00bkFtZzEwWHJXNE5UcE5EN3hsaUI1OVozWnRWclR4THhFdFRtTWNNTjJCRE9kTlA3aldNbEp2cXJ4UU43bGlaZlJfaXBjUVc0MVlzdGFmVnpibktfdEdkTTFyWUlkOVNjaUNpeXF0ckpzZFd1eFUyR0l1Tmh6d01YbUliRjRSbnd1NFNMRlNjQm1hVXktUkhXMlpWay1IRU56VU1ZcDllSUdIR1VuRkxveGhGS0pTM0NYRXM?oc=5,2026-02-03 09:49:57
Reuters,"Indian refiners need wind-down period for Russian oil, sources say",https://news.google.com/rss/articles/CBMiswFBVV95cUxQbGRMTXp2M0xCZzZTU2g1Y3pZeXFDd3YzTjU3cW9JQlhOdUY0MVZ6UXRrdHFaZ1BPcmRLYXoyTTh2ZkhBc3pYTFJGN1hEYmI1QV9GRG1fSjhVVThwSUdTczB3eUQ4c2U1UGlfU0Q1X01pcHBjSWdxWFVMY0R0dThEYmktbFNKSDlzVEwtMXdUTlhwdFpERHduTGlCWDI5SG50N2t6LWJsRmN5SmNmd2JJYTdXZw?oc=5,2026-02-03 09:49:57
Reuters,Crypto market volatility triggers $2.5 billion in bitcoin liquidations,https://news.google.com/rss/articles/CBMitwFBVV95cUxQR2dzdkR0ekg2c1ZfS2NXYkx6dXFKdnB2cE9PV1RSTDdRRE5rZU5oWHRHMEl3N3NMT2ZnMFBnM0VzaDBlQmV2aTdYVWIwdnMtU1hLeHFOVFlCSWRRTmZxemZybUdCd05rQms0S0dhZVZMTGxPZ0MzNzNaTGs1WGNaSXpHdXNkbEt6RHFTSGNFTnhnNi1xNHgyN0pwM1VaV25WQWdVbVViWTZ3R2FxYlQwWHpTS2ttLW8?oc=5,2026-02-03 09:49:57
Reuters,Popular open-source coding application targeted in Chinese-linked supply-chain attack,https://news.google.com/rss/articles/CBMivwFBVV95cUxPb3ROQzNBdEJUODJKalZvbXVxWVQ2X2tqUkxMU09DdG9Fc0UyTFB1SW8xZG16WDZuQXZfaWZadXlXOENLeTEtLWtDX3lrTllhSVNsMFVfM1pleDlWNkhrWHcyWjlUQld2YUFlRkRxX19CbENoWDRPeHhXQVpndEtMYWltUTFUb0huM21CQ3VjejRNMm1MRHRsb2tQZVU4NlZfdzNZVWVqdGlvN2VNbnY0U0VncHRUZHJvOU5oMnhhRQ?oc=5,2026-02-03 09:49:57
Reuters,DHS chief says body cameras are being deployed to every field officer in Minneapolis,https://news.google.com/rss/articles/CBMiuwFBVV95cUxOVE13UzQ1R2d1RXo2NUg0ZTlFb3VWYjJ3WUlaS1M1TnhOX2RLMzhTQ2ViajhDdHlacUVoYUxGdkJMcFN4Z09laEhMMHQyalBLN1NBcGdCNlJWRUlQRjdHbzN0cXRjNEtjd25FZDhEZnhWbE5rbmhkbjlZSWx2cTBlLUZjUzJ0SkdoRG9mMldhR1NjV21GRWQ2bEx6ejdOTW5NQzN0QWZjRmN3NllyQTJ4RVZYZlNLWlNNeldZ?oc=5,2026-02-03 09:49:57
Reuters,"US judge dissolves DHS shooting evidence order, Noem pledges body cameras",https://news.google.com/rss/articles/CBMirAFBVV95cUxQalUxTnQ0X1duNXpaM2ZyYTV5NWlIbmcxQjUxNXQ0bzhldzJ4eDFxUkhLeDJCcjhKRmRCT09zRnh6U2pQX2N2OE9oMmxlUDNHN2dhdzdJY05ZSmFFUkhLUUZJb1ViOEp1bXljMmIwLUZGVU9ieW1aTTlvand5NllIVF9FRG8zZlZTTXNBUmUwWWVkUzVtdlRrMVlxU2RaY1ZRcWd2Y2treXppSnJ5?oc=5,2026-02-03 09:49:57
Reuters,Russia says foreign forces in Ukraine would be 'legitimate targets',https://news.google.com/rss/articles/CBMisAFBVV95cUxPQlYybTdGbThFM0RvcjdlTE03Y3ZoQmxEZlphOG9uWUVpRzN6MWFuaGU2TDVBNk9PSDUtaXR3cV9Fay1Eb1dnYWJjdnBOMkoydTNidWVIZTUxMjBodk1DVmtRNXNFSUNDLS1VdXctczZYcUhZYlZzRldjbnp5ekRzSTNqM0FpdXA3VU5SQWpkTFdDaTlkZHFIaHlySTBQOUo4SnRwUWhJd000REFHU2pjNg?oc=5,2026-02-03 09:49:57
Reuters,Venezuela interim president Rodriguez meets with US envoy,https://news.google.com/rss/articles/CBMiowFBVV95cUxOb0IzeUZfYndYbE0yUjJBbml3eFlHeXVYWWJaVFlNeUt2aDhGMG5CY0wyWUN0aXBnUW1FSGdOdUpLamstQ2lCTzFLTF9BXzJ2RDFYLWhOM0NBemVqc256VkNYWlNSWUxJSkRUQ0llNVlOdTBjX190aHRoVWJkOUZjSHk5VnE1YzUtLVo5RVp5Q0ZtSXpDeU54M3F4MHhiTTc3QkE4?oc=5,2026-02-03 09:49:57
Reuters,"CBS to sever ties with longevity expert Dr. Peter Attia over Epstein links, the Wrap reports",https://news.google.com/rss/articles/CBMizwFBVV95cUxOMWd3RnBlcEtHRURQV0FtbzdfcER0dXRSR3FpRE5rdVY3QzAzX2JueV9NczZvdzY5SS1zWFJqRHR3c0ZtYzBqZV9fcTRDZjk3aGIxcC1NeG5NRVhEVTRDMEJ5RUh3T0FlYU5mN1NKVHVscU5YUlNUdnktMkM2T1lRQUhTcmhnMDF2RzQ0OVp5ZVJRWGJ2bnJ3TEVSNDBvS1ZTLUxoMllsa002T0pzTDBpaEx6bW5heXNUNzBielZCTHExcVJ1b1hrTTNyZ0taaVU?oc=5,2026-02-03 09:49:57
Reuters,"Exclusive: Iran fears US strike may reignite protests, imperil rule, sources say",https://news.google.com/rss/articles/CBMivgFBVV95cUxOcEZPbFhsUnpZMFZvdXhmN25WTnlFSzdoUmN0V2l5T0k5eV9Ud01OOVZLUzU0MDdRaDZaVV9zR2N0dzJpOXd5M24tSmEydVdhNm54NDE2QnZzNk5ITkdwTHctLWVUWnlaLXY4VHF2ZWpic0Z0azN2dVcxajQ3RUczMXhiRG1rbW5PTWtCUmcyRWFLMk12bFhYR1FpY1dDY3dpRDIwa1BRUUljTjVqU29MMmplTnYycS1TWFgzY0x3?oc=5,2026-02-03 09:49:57
Reuters,Trump administration sued over pause on immigrant visa processing,https://news.google.com/rss/articles/CBMitgFBVV95cUxNdkVBdHJEUUhON3ZKZnltYWFPUElKZnJOM1pVOFoyZWJYdEtSWG15bXlnTTZFdnhOeEs2bDFQaXdFTDlNOXpHaTNaU2hyYlVUWUROSmU5YVNzX3BabXN6MzhVZU9YU2ZnNjAtS2NkaEVsMDktVUl5UHVSNmFSNm9aUUhvaEJWekNqbkhuamlFQ2Q1OFI0VWptbDBXX291UEtSVHkyOUY4bHFrZnk0bEpZaW5PS1Q3dw?oc=5,2026-02-03 09:49:57
Reuters,"Trump announces US-India trade deal, tariffs on Indian products lowered to 18% - as it happened",https://news.google.com/rss/articles/CBMiigFBVV95cUxOdVI0UUhSTV9pSkg5NURSQW5xcVVKMEducllyMi1TT2MzeGdYT0ZLSGYwMG5mSm1iQm5FWlh3UkwtZWZnTERSamc4UmdnMGJCcjV1V0VjVHRQS05CaEhKTHNxYlJVT05HeEdGeWJHYUZyejlQTTU2WmhKd3RzSnMtYVV1VTBsd3VyZ1E?oc=5,2026-02-03 09:49:57
Reuters,"Asian stocks up, gold bouncing back in calmer trade",https://news.google.com/rss/articles/CBMif0FVX3lxTE1lb0dNVGliQjZTMzBHSGtfUWpOQWdLczg4Yk0xdWQtM1BJclNUU2FYOTU3WVNKLUM2VzIyaGJmeUpZS2VlNnM3bVBYdmEtQnFyRnY4UFk3ekFNc1M3WWlVYnIzWmlRSk5idzJDaEVrb2l2SHRaSE9XTDJxbXZ1eDQ?oc=5,2026-02-03 09:49:57
Reuters,"Trump spoke to some FBI agents who raided Atlanta election office, NYT reports",https://news.google.com/rss/articles/CBMiuwFBVV95cUxQeFRkWUFIenAwclJnSjNNRDFoQmpZcDd3U0psSHczUnpzN21pMkxqcDhqZUFmVlkyWnFMU09YTkdUQjVQSC0tZ2hXWXl6Wi1JSnl1S1lyNnZ4aDM1eXVLSkZIenhUbXF1cmV5NDFwOFhYY3QxLUZidXNJX1E3d09fZm15NHhLVkJBYmk2VDNzMkREakxSOVFQdFlLZEZKRzdQVzRZVVMtX1E0OHJEWmp4eEZMckh5YTF5UVEw?oc=5,2026-02-03 09:49:57
Reuters,"US to cut tariffs on India to 18%, India agrees to end Russian oil purchases",https://news.google.com/rss/articles/CBMikAFBVV95cUxOR1pwTXBuWGxmYXg3Vl9zbHpkT0NUaFk3VmEyZjNWNXctNVBMdXk0Nno5a1ZRcV8xSk4xcGtiR0dpN2N1NTdKamo2TzhyX2xOQkM1OXZ3bU5SUU1GNi1XdXFsT0txSGkyMG4wMkVodlhHUjE0RmViNmtEUGZLemNMRGV5WFZxb2xBeHM2ekdWcVA?oc=5,2026-02-03 09:49:57
Reuters,"US dropping 25% separate tariff on Indian imports after pledge to cut Russian oil, White House says",https://news.google.com/rss/articles/CBMixwFBVV95cUxQZzd0YW5PS3dLLUFINEU5TjhZM1NVTzNUT21uOUZob3ZIWl9nTnpUeE5Gb1ZsUk9aZlFseVpIekhyTHBSSEcwekNaaWRlY1dUc2lZa0o1cXlHVVFpcDh4MzVhd2tSNGFvRFJXelBQaVA5SWp0eEtxYmN3Q0o1ajdPX2I3bWJuQW9rdklSSUMtdjBYcGVocW04MF81QU9zU2JCalRIZERNQW1zWmxxM3UzbWlJVmk3Q0FXMmJnTVg2cFVLNzlqMTBB?oc=5,2026-02-03 09:49:57
Reuters,"Small drone fell on Polish army base, military police say",https://news.google.com/rss/articles/CBMiqwFBVV95cUxPaTlNajVoa0Q5bGhTeVRhaHYwVkRWcmM0V21TQ1hHUlc4ZGZTNzZOejBhMkdsYlJMR295b0I4aHpBano3ckY2QTh3dk5xQXNTZFRaT1NtV1FrMk9jSi1SU2VjNUhKMU9CbkpNMXhqLW9OSERMSnhSazBPM0ZQZEVMS1d2a1RWRS1hYlVfN1JnVVdWSkFuYXBRU0xud0pYcDVBUllYM1ozSng5dmc?oc=5,2026-02-03 09:49:57
Reuters,Trump says Republicans should 'nationalize' voting in at least 15 places,https://news.google.com/rss/articles/CBMirgFBVV95cUxNWXotVktMOHlGYm9JUW1aUmc5ckk2MEVTdkZKektyV0tWb2lMZjI2US1BclNObUdqcmhpZ0E1cGZVV0hRM0NoN01HbE82NTRGZGNOX2tUVE14Y0M3aTFsRE9pZGw0ejJTRGtfekY0eUR1ZzNpeDJCV1lxTE15Qlg5Zy1BeVhzSlpiSlZkbDBCTy1IdjVmSjBQYzIxalJWUWVQc3Y4djlieklsNHUtREE?oc=5,2026-02-03 09:49:57
Reuters,Gold’s bull run seen intact despite steep pullback,https://news.google.com/rss/articles/CBMingFBVV95cUxQdFd1SGYtZVVWWDFqTlptNnFrWVNSanM2dS1waVU0bUkwY0c1M0RtWVhTck10UjJmNkhfRGM1Q21XZUh3d2Vqc2N6TXUwRmx6WnF0cEptOURhd0xUUUx0dnBsOGNnX1kwOTlGYnh0aGVaZVZvbzZTRFFUcDZMNzJDRTUxb1lUdlBBSW9Lc04tTmdsNUxiU0RfMUhMNElldw?oc=5,2026-02-03 09:49:57
Reuters,UK police review reports of alleged misconduct by Mandelson after Epstein files release,https://news.google.com/rss/articles/CBMivgFBVV95cUxQZS1oenNLRWk5MnlzYjhPSzVkMUdwVnczNmRzemhlRTVwREVsRV9kWGV6Mm5tbnN0V212T2s3YzM1d19LUXZlVjVwVW1UTlp0ZHkyV3dLWWN0Nk1HUlNLbFJKSWVTNHU1V1lERWd6VXUxOVVJWm9LT0ZzWXIxaW16NXFyQ3dfMWtYVkEzUWx0ZWVQVXk0SjRxM05lOVJiNzE5a3VDWEFsazNIUEczV2c3NVNaTXFwdEMxV1loUDZR?oc=5,2026-02-03 09:49:57
Reuters,Trump says talks with Iran ongoing,https://news.google.com/rss/articles/CBMikgFBVV95cUxORm9FeThaVE1fTjdZZFhnVzRPUThUWDBLVGxlSTlLWlRFS2JTZ25lUGRFRlpUTmJLa0RrR2tzV2ltOWVBUWJndS0tdUl0SUJyWmhvZDU1OEw1cDQwdmZvTU82QTdMRmFkTFJvaVFqandFa3RpMUlxR0txR3ozTTlHUTZJVk5KeHJfTFF2MnpaNW5Tdw?oc=5,2026-02-03 09:49:57
Reuters,Trading Day: Solid data over hard assets,https://news.google.com/rss/articles/CBMikwFBVV95cUxPNjRZQzFoa3JWUU9hTEc1enl3RE1HQ282UFpsVHhtRDV1Z0VMb3g0R0Q1cmpkQ0stZy1DSnNYZF9MSnFGZDlYVVc0M2xPSTgtSEc5X3Qtdzh3djhOZlpqODRITUthQzFsdDRhOXdEVFN4SHo4Uk8waEhaLThRcjBFd09YUk5TTWtLSVpXYkw5aDEzRUE?oc=5,2026-02-03 09:49:57
Reuters,US extends protection of Venezuela-owned Citgo from creditors,https://news.google.com/rss/articles/CBMiqAFBVV95cUxNdWg0U3c2VktPazltN2cxZlFvNXJLUk84ODVpMkFsbjNZOUQ5LU1sTXAwRlBsVjdwM1NRazd0enZDRWtZZ2RfZXJhYVltZnBsRExwX0F0RThhaDFZRFJnZElsNkE1eU5hbzNoZmstQTNUdUN3Skp0MWRMSV91OG5qSmR3WmpYamZLQThNWXBRemNNZkZuRVp2QXkwS0dVWGZxcU0xY3QwMm8?oc=5,2026-02-03 09:49:57
Reuters,South African white separatists claim land acquired from Zulu king then lost to British,https://news.google.com/rss/articles/CBMivgFBVV95cUxORnhrQm4tOXFwQlk0MmhaRGdXWXE5T3lWeXV2b2hoWm1hV04wU3dUVWVwRGI5dWdramxzVTdpWV9lU2UtUzdMVklLVS1DZWNCUDNRLURqUU1vRFVBX2hDVVpGMU5iWnRSei1EUW1sc0pMWWt3bzJBV3ZpR3R5dm1VYW5fRFFsbmVfUmxibUs1bGJwMnhQcXJkSmdCVS1jM0szN2ZlX0lieVVVMDA4M29wN2h0WG54RDVGUTV6TE1B?oc=5,2026-02-03 09:49:57
Reuters,India–U.S. tariffs since Trump imposed duties on India,https://news.google.com/rss/articles/CBMinAFBVV95cUxNTGhhb0M2Y0VsMkdpLWVZMlYxajktYXlPZUlVdzBTLU9tREs4QkpHSS0xdlcwWldFTXUxM1c5Z2prNVJTejFnMnQtamQ1V0NPUzJoaHFRMDI5Y3UyM204aTZJUXVEaFdOTW5uRVJYbTdQaGhNYnlNa1ZhaWVUdGEyWE04WnM0Tk1BdXZmYjNqTlpzUkU2Q0RzZkFYYkM?oc=5,2026-02-03 09:49:57
Reuters,"'Moltbook' social media site for AI agents had big security hole, cyber firm Wiz says",https://news.google.com/rss/articles/CBMiywFBVV95cUxPX1F3bUtyTDBZYlVjY1l5YnBuR2J1aC1oU2N5YzhqYVpJSkdRU0sxMk5HUjMxalI1Ukc5M2liZ25weEpDOGdXOElPZHVoS215clJod2VlcnlBd1RzTW1CcGY3V2xtVWFtSFh6MTlHa1Z6VjNBZkFVT3MyTVBlMmtFSGVUX1gzS3FmZHpLcXp5SUFzT3hKa05pWmN0M29jZmRiNHpUb0JFSkdGZWtSdXIyaGJzdzV3MEZlQkVyU0JEQk5iTmV5aTlGM3p3dw?oc=5,2026-02-03 09:49:57
Reuters,Spain performs pioneering face transplant from donor who requested assisted dying,https://news.google.com/rss/articles/CBMi4gFBVV95cUxNdUtpWkpRQV9jRWkyd1lGTWMtWkNkRU0xMzE5Q25fTGRUZEU2ZG9YTklESnFXWGZBYnVQa2U1VDlQQjJOZkhMcGQ0VUVlbVJvZ3MzM1I0ZDRoTmlGV2NMVzlxdjlOSDBGV01DQU5IOUJlTVZLTmszUHlEMmxsT0U2SHJ1cEZaMC1qZXlDR0JEaG1uRzAwNjF0T3lZalZmaTV1Y3hwazFZQk5wT2JWbVFlMVk2S2cyb3B1V0ZEQzJYS3JkSExrbEkwQ0xYN3dILURUQ3h4cnhadXJzYkJ1ZmFjRlR3?oc=5,2026-02-03 09:49:57
Reuters,"US House takes up deal to restore government funding, Tuesday vote expected",https://news.google.com/rss/articles/CBMitwFBVV95cUxPaGxJR19DckV4QzNBcGhDdHZmZEE5ZmFsUzRYSFIwSUp5a2M4SGN0SmZXQkpjdGc0MkdVY01zYUdja3Z2SVQ0ektEN3hTUG04X2dMU2c1SUVCT0Q4cFJHWXczMU1KRkI0OVFpYlhMRG9ta1ZOdkZzbGtfZDBtOEZSUFpUMDVzWG9RbWU3a3RTc0hyZ3ZwOUlrX19scUc5WWVMZGRpNGl3WU1MTW5waWJ3bndtXzVxTVE?oc=5,2026-02-03 09:49:57
Reuters,"Tesla introduces new Model Y variant in US priced at $41,990",https://news.google.com/rss/articles/CBMiugFBVV95cUxObVd1WGlFVjVoMXMxLWRXeGJhV2V6WElYUEM0QXpVUGVoVG96Q1R2ZU9NejU2bmVORDdBMUgzZlJROFZHbFNfTmFGZUNLbnpoZl9MQVJpNWpDQ1QyTTU2UndTSFc5S3dIakNaNlJTTXlNcGc2cVBuVktEM3hGQkU4dUdhUHBrV1pRN0NoUE5LOElQVGowZ1Zlb2xxaGlQT2JDTXdQR05WbkNvRGd4WlA0UXd1clljQTVYWmc?oc=5,2026-02-03 09:49:57
Reuters,Vanguard announces new round of sweeping fund fee cuts,https://news.google.com/rss/articles/CBMinAFBVV95cUxOV3lTS2YteTJ6NnRrbEdmNUtjTThLeTZZekdtYW9MaWYyMFZIYW5ZUnhGVG1HSTJwa0FoVVVsSzVlTS15YnJRaWxremNzRlR0Zi1EZXVJVmlhT2I4MWRBM0k1a054cnRJWVZ0dXlzeG9NX3BZMHFMRTlXYmVibXdjN3VOU0Uxay1Za0ZSd2ZlajgxdnpnLWNkbU1mNEg?oc=5,2026-02-03 09:49:57
Reuters,"Venezuela oil exports rise sharply in January under US control, data shows",https://news.google.com/rss/articles/CBMiywFBVV95cUxOMWppaEhMbzlDWHdaUGdJQ1I0MFkzbVNzWi1MMFRyQnZkRWp3R3h2bWZiRk5uYW1XMzRwWHdMaE01dXNvYS1HM25BeHVMRnlhRmUwYzMzeGdRYzV1NDFIa3d0SVlESkxPbWxfMDdIekR5d2E0OGNoQ1dwZzRUdnA2TW9SV09mOTVLYkJ2Q2FDdTN3aWhFdVhhYVRzUFdhSExSOURON1FxbklueGx3cFNzeG1jSTd5VHQ0Mzhpd2RiZVpqcE1ZdmZYODR2Zw?oc=5,2026-02-03 09:49:57
Reuters,"NXP Semiconductors forecasts upbeat quarter, signaling industrial market bottom",https://news.google.com/rss/articles/CBMi3AFBVV95cUxOTFJuRERfX3A4NC0xTVotSG5NdWRTeWtpSjRrRU1iUldKQzZtZTFVWVpibEZGeFVlM1NuSk1laENJcWNTbjVsWkJPZlE2bkp4eElLcllORWNvVjN5SFVWcGpPTjJsRG5BTUhydVpvSmVwaGFzSGpfZXExczdsS1d4SkxqanNCMU5xXzBZQlZXLXVfSWViYmNRSFJsV2JVcFlyYjItV2VHeVdPdkVQN2ptUUdjcEludXNmbjUwdjhPcmF0YXlhYW5qa09wcXdDcmFxOWJTQ0M3ZnFXRzU3?oc=5,2026-02-03 09:49:57
Reuters,"Trump still aims for control of Greenland, its PM Nielsen warns",https://news.google.com/rss/articles/CBMiowFBVV95cUxQYVdNcnBsNHVxbllXbEo0RkN2TlpKQWstVm4tNU51Y05SU1lLa1J1WVJneEttaXRtd3NzenFYT0tWMWJJclBBOGEzcWNCdWs3VmxwUWVFUnVMQnkyQ3MyVHd3c0ZHQUx3d0dnWFRpMjVHTFBGRzdSV05KdHlveWFlMFNVb2dwRkRLUktiWkNzZGl5TFJtRDFPWFdjTDYyVkNNRFlr?oc=5,2026-02-03 09:49:57
Reuters,Post-holiday reordering boosts US manufacturing in January,https://news.google.com/rss/articles/CBMipgFBVV95cUxQWU52d0RGTFV2Y1laRlBWYW9ZOE5aRUFOMWdkOC03VDVLaVl4VUx6SFRhRjY3Q096THZxUm5yb2pmZDN6Mmd5bTN1VC1DMzZrM2NGZkdSTFFUaVk2T2pQYWhIN09tVUR2aG1fZ3VXd1VYTzlVNkx2OXBsbzNDTXAyYjhlSV90WU14N2NsQzQ4c0w0alZWUDBkN3FfNmpUMF9MdmE4OWZn?oc=5,2026-02-03 09:49:57
Reuters,Trump launches $12 billion minerals stockpile to counter China,https://news.google.com/rss/articles/CBMivgFBVV95cUxNVWRpWDlFcHlpekdoX3F2dzEycnlwZHhITVlNNXYwYk53UzcyMksyVDBsaUVwWTB1aldSeHNwQ3dlbW5UWnE1LVBPbHRZVE5XS1JqZGtQQ3NEUWZ5SWdaS092ODNmNVVYZmgzMGNxMjNwX09GdGVyR2VhTWE0ZU82dnp0U1ZQa18tVHNnYjlTQTN6UXI0UnlYejJnSDc0aEp1ZVN4bWVYZDRuWklsMnh0MnBtZkZXNGd5OHN2NHd3?oc=5,2026-02-03 09:49:57
Reuters,"Gun-wielding IS militants roamed freely on airport tarmac during Niger attack, footage shows",https://news.google.com/rss/articles/CBMiwAFBVV95cUxOR0pOeVlneUwxa1U1TjVvZTNzanRUSHgtMVdxQ3pCOE1wMXI1NVQ4cWYyWjdCbTNsam1STTd3UllLb0tneDN2RW1ZSWtDWWJta2wyU0hWNEQ5cjVqazd2VVppaUJQbVlleTU0SUQtUGdNZktYcmdoYUgxcThSQ0NudFVha2dYdEh6d1hBSWVvSHFxaU1ReFV2WmNnYkNBWkNVY3RkWWMxNXFMTnpWUV92ZlYxdmVmbXY5NEhTTDFFWDc?oc=5,2026-02-03 09:49:57
Reuters,"Devon, Coterra will merge to create $58 billion US shale giant",https://news.google.com/rss/articles/CBMirwFBVV95cUxNNEVxOC1UandEejVneHYxOWRaMFY4bnA5ekNkVW5aV0NVNE1KWE9GR1B2Y0pFMnp2YXNGSU95QVIybkRLOHJvdl9nbTg5bkFMN25tVmtUTl83T1NFX01CNWNqVV9TR1lrYmhXY1pnTklKeEk4NXVSVWdTUlZwRGlpOE9TQlJkZGE5bVdvUUNLbjZXb19hUEh2Y0RiNTByci12eUREY0hsU1pWcmJVRWkw?oc=5,2026-02-03 09:49:57
Reuters,"Norway crown princess showed poor judgement over Epstein ties, PM says",https://news.google.com/rss/articles/CBMisAFBVV95cUxPZ2ZnMkVYdUhHYWJIb09aYjVMMjlNSHhSeFF3eUJ5TVRkMl8tbGtkVzBCdDRFUUhHQ0hvS0VlSDdzakQxdGVMT1A3NElDNnd4bEVBRHk1UEJPREFGTFZhR0dEd1RrZVFTYzJ5V1ZWUlRjWHJqT1gtMmdZVjRkT18xa2NpS0o4MFZfNDBjUnZGaXgxSkFZZEZLUnZyNkttSlY1YU4tQWJ5R0I2bmY3UUtFQQ?oc=5,2026-02-03 09:49:57
Reuters,"J.P. Morgan expects gold prices to reach $6,300/oz by end of 2026",https://news.google.com/rss/articles/CBMiqwFBVV95cUxPOWJwa19uNlNxckw3VHF3Nno0cWgyRFJsVTN0c2tUWU9jMnhXVEVuNnJOZW96aFJvUWRvU0tBbHlwVzRmTTNnQkxRYWpUNVN4U3JSVmxzbFdDY3VrcDV4YTJqc1hxWTRUckcyUHByaU05YnJOUDhGNVVMM3RrZnBraEViajVxblZLd0tSdXFxc0laY09QbmtUQUpkQ3ZTc0RFRjlZXzI3OGs3bVk?oc=5,2026-02-03 09:49:57
Reuters,"Metals, crude oil dive in broad commodities market tumble",https://news.google.com/rss/articles/CBMilgFBVV95cUxNbnZxMnYwUE5sWFBjMktQdEh6ZDFKSmEzbHFqYl85ZkRGQUZmWXQwc0FHN1lXaE51OVNyRnlWa3QxSXdZUXA1VldBeG8yQTBJd1RaNzZVZnBJMXEyd0ZIZm0zOHo2RVo0Tlprem1vWjRLQ055bEx5Y1pCbjNmMXZSellXMTU4TVJwNVNRUUN0aXBzU0YyUVE?oc=5,2026-02-03 09:49:57
Reuters,Zelenskiy says Russia largely observing energy ceasefire ahead of peace talks,https://news.google.com/rss/articles/CBMixgFBVV95cUxNS19aNktScWxvYUhuOThRQkIxQXR6eWwwbGJqTW9aam91b0w5TER6dlI1NmZGbzVBTnpwYmxicnBjYWJUd216bGhyV1c0dW5QMVJ6aVZOZ19mYW8wWWJGUFAzMjJscmdsSTRSdVdPcUhVOGl4SXFPLURHcWxRM1g3b0VMNHp6S0I0YmhnVDBxZGxlTzhiNlgyWlV6Y3NWRHA3LU95Qk45TUM4bnkxS3hkYV9vSUtpaEtNSlRyRUZVbXI3SXZIdnc?oc=5,2026-02-03 09:49:57
Reuters,Specter of Warsh Fed sparks precious metals 'debasement' crash,https://news.google.com/rss/articles/CBMiswFBVV95cUxPaFdyOUFSakJ5OTcwRnFoQlRFdmUzREk4M1FxemlVRHJrU0JrdjhyRUpvenpIdHROeDRXWnpLYWZyQ2tPLXBFOExNaFdNWXVxaGVaM0duV2w5c3UwemRuYmw5VmJVQmJjWVNiTS1DZnkyUmMxVmFJRWNWY3NUSUJXMHZXYlFPS3dWZTVYT2hpTzZvdlVmZ2swZDVyTFdUOU9qUE92VTFIb3ZVLUlTZW5jRDYySQ?oc=5,2026-02-03 09:49:57
Reuters,Egypt's drone deployment to border raises stakes in Sudan's civil war,https://news.google.com/rss/articles/CBMirwFBVV95cUxOTWJkejNZaFY3X25xb0FEdk5vNWltNWw2WVY1YncxR0Zvc3RwcVJfWXVlUDBQd3RBTEFFenZTZ2xqUmVySFpLR05JNXUxLVlSSGVmdjliTzl0aUQ5YkFNc3pTT0F5aFdoczR4Uy1qQ0ZpTEMtb292ak1FSlA4NFk3Nm9WUmpLT2E3ak96am56OFpKTk9IQmF2dXVVTWFaOFN6VjBBRl9iM2RvQWNVQjRv?oc=5,2026-02-03 09:49:57
Reuters,Poland and Germany pledge to take lead on Europe's economic revival,https://news.google.com/rss/articles/CBMiuAFBVV95cUxQRk9iMVdYQ0dtTnEtRGpqTTBuc0tZZUh6MnBkUkNzUkcxclJvQ2xBQnBEWmtMczVoZy00ek5JTWlROVFXUU5URWl4REdjQzR4NENPU1MzR3RmbU11U1IzbkhxaUxLbWdtS0swV2E5TGUwR0pNQV8zbEhVTkNNNG1FYTBTS2NyNHQ4VVZKM2FNZ0M5UGVQaC1GMy12OUtucEFpMVkyRFZFSnlvUjY0QlhLblQ2czQydHM2?oc=5,2026-02-03 09:49:57
Reuters,Morning Bid: Metals meltdown,https://news.google.com/rss/articles/CBMiggFBVV95cUxQWC1FVXNaeE83TldicS1ObFg1NFByU1Y2QnFxVzhUOG5KbUtxaUdfRlJyTHVsNWhQUGpwMzllZHY2ZlNlTVJPQ1hwaFoyX2FRQnBnalpKZnF3UUxGWjN5UUt1NTFRbDVkM0dLNElfRWY3VndjWFNja1U1c01pdW1jeW1R?oc=5,2026-02-03 09:49:57
Reuters,Syrian state forces deploy in Kurdish-run city under ceasefire deal,https://news.google.com/rss/articles/CBMiywFBVV95cUxNNDBOcDNBQXBtdjFTUlRWM0ZIVlJkN1NIZjdURmM0a1Bjbm1ZZ2lEMkZUaDRUdmVuMnJ4S2dPRlljUU1SOVpvUGc1aml1ZzZWdWNjeVJETmZDSHRreFhoTlBzUHBYcjhRTEVCUmxqM2d0TEx3U0R0TXQxb1B3OWZxVVJMbXhqYWlsaHVlYlN6eXgxWTUzSTVRalRJb0liSWVLVlJoWm5ZaGhqcXpJaldGR3pnaVpsYURpcWU1RnliZ09VbWZVajBpZEx6WQ?oc=5,2026-02-03 09:49:57
Reuters,S&amp;P 500 flirts with record high; chipmakers and small caps jump,https://news.google.com/rss/articles/CBMinwFBVV95cUxOSF9Xb2NvOFV5UGRqNUM1Y2lTMjZqVHlIbU00TzhKZjk3REhFY2poZ2J1b19NRW13dVdzZi1mMzlKaGlYV3UtZE1IcW50LVhPd3ZzWmtzNEY2dFhVM2JCeF9tTjBiM01hc3lkLVB4aGRzU2d5a3piRjB4VWJ0MktkWGRQcTdJTnphV2RnX1pkaGFqbFhObFAzZWp6OU9NYnc?oc=5,2026-02-03 09:49:57
Reuters,Obesity market sales potential tightens as Novo and Lilly enter new era,https://news.google.com/rss/articles/CBMi0gFBVV95cUxQd1Rsc0trMDhPbGczTVhXOU82WUxQRkVYNXdVQmpPa1pEa0pMS1dPZmNWSzFrUnBJeS1OT2FoLXhROWE0ZDRtTjBoX1ppVUNvaGVVaDdOUXdaM2NCMkZPZ3djT2JDTlJSQkJSOWdrYUZ5TTdtd21YUGh2M0tBYzAzQnQwbEJRRENIcnVkZ2JmT1RFdEVZNWdlcjhLS1hLNlN6Q294SnA4NG8zNkY5RWJjTUxtLV9IUk5wZ2R0YzhSZDF0WEFNVGJxTG1sRWxtR3kteGc?oc=5,2026-02-03 09:49:57
Reuters,Disney shares slump as its theme parks see fewer international visitors,https://news.google.com/rss/articles/CBMiwwFBVV95cUxOMU9PbjI2aGU3UjNXY21PTWNLcE9HTkpSNzR2bklsUW1EaGY2aFJnb3BiRWNVLU1keVNFaEJUT0U1Z2hTMUdqamVZMFdURXdIbUJaZkFBeUJ5T01iWm9VbFRjZy1kcW9SSUxDVnBGNElEaHBpRTh4OEhobDRDbFE4WThRdnpZZzlwWWZiUmJ1azJWRWF4dFprSFZmNDEzbWMwamRXN1BHSHFYODlNYXJBSlJhQ19fMGFBZGozMWNlQXRMc2s?oc=5,2026-02-03 09:49:57
Reuters,Oracle shares gain as $50 billion raise eases data-center funding fears,https://news.google.com/rss/articles/CBMirwFBVV95cUxPNlhFblYxSXJmQkozSjNVLUJONGU3Vk5MWmp2UzliY2xxQTlOUWI5QUJibzRES09WbnI4TjZoU1VFWnFmaUVxdzVZQXRvR053LTBNZ1NlTUNHekRSaDMtX1h3SnZ1X1Q2SWw0RFRvZnBrTlJZXzNuc0oyd1B5NEFQLWtfNU9qWHFFVXVmano0QThueEZiWU5WTTVLTDNLc2RpT1VWUVhRelNJd0IyWUw0?oc=5,2026-02-03 09:49:57
Reuters,Norway court detains son of crown princess on fresh accusations ahead of trial,https://news.google.com/rss/articles/CBMisAFBVV95cUxPVW9BTlk4TFRQUWZLZHpOQndqQ1NTZW9lWmtBOHRXVWhUMHUxOHVqVEgwZTV6cmFkQzBrMWwxZkMycEdKdkEyRWdXamVteHZVY0R5R0NOWFZFNkd0MDhRTWYycHUtYlB6dXlrTjk2clQ0TzN0RENFcG5lbFdVcTVuTjdhVjg4ZGlhSW1xOWFHY1JEbU9YamprYTFvSnVsMFNvWnlyQzNoUlpMTTVSLVVOOA?oc=5,2026-02-03 09:49:57
Reuters,Air India grounds Boeing Dreamliner jet after possible defect with fuel control switch,https://news.google.com/rss/articles/CBMixgFBVV95cUxQUk9wbzdKWkY3MExTSU4xT0lFMHB5UjBzR0FUb1NsX2xPdWZ0UXU3Qm1GaExvTXhVdnVkakh6U3YteW81d1VKZVNMb0JUOFVVUHJkUDMwbHJCVzN0UnF0dkYtclp0UldZY0dmNzlFdVJMVjM2ZEJ2QmZhbVZ6Si1BOUlPTmV6d3BUcUNjRFZPd3B6SDlwdTRzNS1jMzRSNmZrQ2FSQzhzNHl1RzlZV0Y2UndEVUNyTFNnT2ZMclZ3aWYzRmg5cXc?oc=5,2026-02-03 09:49:57
Reuters,"Fed chair nominee Warsh may want smaller Fed holdings, but that's not easy to do",https://news.google.com/rss/articles/CBMiwgFBVV95cUxNajNfalV3SnM0dDZ3OVhTdDIxN19TUTU1QW5aczRVZHNqTlRVUjJObmdYTnFrdS1lc045U2stMnkzeTg3NktoQmFlek40bTRVeWFGT0pBRXh6SGNyMEpHMmEtNS0ySi1WRXBHT3BmcFJCWkg0eUlTcnI3aURaTXRSU0FnaVd4WHkxNXFUMkozdms1eDRFMElCZXNENnV2cUNBTU9BRUh1MmRJYk4xSjE5YW5RSDBtNHozNXhyM2Nwek8yZw?oc=5,2026-02-03 09:49:57
Reuters,"Cambodian scam compound yields trove of fraud evidence, Thai military says",https://news.google.com/rss/articles/CBMiwwFBVV95cUxQNUpfRXB6dm9TQmVhRmJKd0lHaEVacWdJeHA2aXVYN1Vjb3ByUlFlbGs5WGNyemVtaGJKbWV1RHVwYld2bHNDVUJ1eDQ3cW9EWW55TnRRbDZUQjd5TjlqemJ3WUl3T0gyNXl5RERzeS1jV1A2aUZFNVU4aU1LeFd5WXVGNVo0cGNuUmN3ck1NVG1xdUEzdU11UUtRZTVyVFBjV0VWTEFSWm03dTlDbmk1akdhQW1PTVQ1akJYbG9GNmhhejA?oc=5,2026-02-03 09:49:57
Reuters,"China's teapots buy Iranian oil to replace Venezuelan supply, sources say",https://news.google.com/rss/articles/CBMivAFBVV95cUxNMlItbmZxY2lVQ3RqaXhGV1pMaWt5YVkwRDFud09PZG92U1ZHbWh5SEluTGcwaDhlTTJVY0ctdHM3LW9aMHU2M0s0MW1IbVVmdUwwR3BjVk1qY0p5alZmZXZRY2lXSkNDb3JBeEhUVWZqUHAtdUJBZGV0ejJISHBpOUN0TmpRaEtuM29zdmdNc2M3R2VTUmZXenBrOEhqb0lWbld4U3JRTzNhcFhXYmlVYURDLXg2T1Y4VnBRQw?oc=5,2026-02-03 09:49:57
Reuters,"Morocco evacuates 50,000 as flooding threatens city after weeks of heavy rain",https://news.google.com/rss/articles/CBMi0gFBVV95cUxNcE8xNlh0ZkNjcDBaLUZfdUg2NEVSZHZtQTNwS3UtMTVCR2JTZncxTHYtOTkzSEN1LTduNnpyMjJSODN0WEZtcjJJSERaaTB0eTRabkEtMlZwcHhkQ1BGTWNXR1RELTA3ZkxJZWdpT3dXMm9qck9aRWd1NUlvVjVHaldTcExaMTZpYnIxUWg1RlV4M2hTdm1ZelNQaWNXbVNzeVA5U3BmVEs0dVR3ZVVHSDlYZEFnLU1EaHg1aDIzUi0tR2JWWHRIRGtxbkxwTWNMT1E?oc=5,2026-02-03 09:49:57
Reuters,"US envoy Witkoff to visit Israel, meet Netanyahu, Israeli officials say",https://news.google.com/rss/articles/CBMivAFBVV95cUxOQWpFcHc0V2xIdW44cHhFMnhyd3QyeW9MZktPX0hTSG5HbkpQNDhFXzJpTUtualZ0OXlyQ3N0ZFJSYTVKYlNxOTVTRGp3bVdaQzQzWnVEb2JlcXV4VGI2eVRmZjBwQ0JWQUthYllpejNVTTVoSUJuam5uNnVhRVNDanZSR2piN1BKa2FLNXE0NGV4dTNmdU1sTXVmbnZjV2FqeUNNYmJHWFBOT3ZMRUYwRHdSUkZpVE1rX1lmVA?oc=5,2026-02-03 09:49:57
Reuters,"Tesla new car sales in Italy jump year-on-year in January, after 2025 drop",https://news.google.com/rss/articles/CBMisgFBVV95cUxPZ2txSGkySFU0X0F5MktObHBKZHFDdlpoaW9Zc0ZkMGtzRTZERy13SXA4YzRoSjJWR2dZZURrektVc0gyRWhVRlJuQzlMVjhzcW5mWVZIS192czZvVkN0YV9CejNvNHViajgyQXFsMEYzbnV5TWR4YlhJbWFRM1NUZkRRVXdybFZRS0hreG56d0hkem5PQWJ0ODQwOEhBYmphcDF0TGdaVzA5c0NYR3NHUUtn?oc=5,2026-02-03 09:49:57
Reuters,Tesla registrations in Europe show some signs of recovery in January,https://news.google.com/rss/articles/CBMi0gFBVV95cUxNd0Z0OUc3N0ZVd0JRTGJIUmxqZjRUbkhMdkkydWt0V2xIcnd5X3BvR1ptTlN1UHp3OEJPOTFKVHpzNjUzUzFSTE0yQ2ZFdGFXX1VnVjNyeHVibjB4c1N3MEg0amVuMmJNb1QxelZVeWtncnh0R2lZUVFid0ttMnYxR0tNdzlwenhTTEFWcVY1ZGxBa19PVlI5UnlOZE9QSllMV1lIQ0dxMVVlcmR2MUFSUHIwUVhGR3VObWg1Y0s3blhtczVScDVlZ1lFdlJMMURNYVE?oc=5,2026-02-03 09:49:57
Reuters,"Hungary's Tisza party maintains lead over Orban's ruling Fidesz, poll shows",https://news.google.com/rss/articles/CBMitAFBVV95cUxNLWRMUGJMV05tVUFOc3E2UjFjaUNsNVZhaFJ3ckpUeFhLSGU5MjBtTkZlSE1zTW5nUlZXMUVsQ1FLSkxyeFN2eHVoZUs0ek4zV1libC1qVG9qdjNMcjNwWWViUDdzSVBKNmttU1loNU16OGgxNU5jRTNfZnVSQy1rY2ZaYVZ3RnBERnhDWnVPTDdSYW14bUdxUXJHVlF2TGVJMXpfU21RUF9MV1ZEaFlmc0FhZ2Y?oc=5,2026-02-03 09:49:57
Reuters,"Exclusive: India in talks about allowing Alipay+ link to its instant payment systems, sources say",https://news.google.com/rss/articles/CBMixgFBVV95cUxNeTNSRkFqMVQ5QW1TMGFGSnBfOWZFNnVFaWVQZVVtSDNEdERWRjNLbmxocjg4eFY1N3kwalp2ZUw4Nlh0OHBuWHl1aGUzbU9FTE95SGtmQjFUNXdsWW8tSlNxb1lUNEZlMDJLWE92X3h2VTFfZk1YeGJORGxIS3VZa3Nsd253Q3VkMG9ycWVWZDhiMGQ3aWJYWGlyVDFfMkRjeDZoOHM3MjlydG1HamF1VGJmUDNMcE54WERDdGZHTkZ2NllYanc?oc=5,2026-02-03 09:49:57
Reuters,"In Venezuelan oil region, industry reform sparks both hope and skepticism",https://news.google.com/rss/articles/CBMiuAFBVV95cUxPeDhhWk44eWZERkk0ZmROb005U0JfUjlJY1hudkFUZGpTWXp5dTZjVDVXaEcxQmtGWEx4c2p2ek5qMnltQjZCOVBrSUZMWkhDWmgzTVYyTkdDYTZnQy1Rb1BxeG9UUFl2NWVGa0Y5eU1NUWZmSkVZZE02Z0dMdk1DOW9INzdGQWc4NnFmZTZKRGJVdkxBaFFvZjkySUcweF93SVhZaDNtQjFoN3M0d0pNLVBkWjdwRjZf?oc=5,2026-02-03 09:49:57
Reuters,"Iran, US to hold nuclear talks on Friday as Trump warns Tehran",https://news.google.com/rss/articles/CBMiwwFBVV95cUxQeEp6ZEg3ek1MLU9uVGVuWklGOHZsdHBEZ3VxU01RaEtHbVlHRGRldWtfRngxcWYxZmVHNXo2YlJ0Ti1ySW9rWHRCMzlrTHVQNUdQU2lrLVRDOUdPODJ5SVpWcU91bU9UdXViQ2pVWHc5YVpSTngxUWNUTVZsOFA2Z1RxejZ5QUo2MG9hVmdBM3hicGNHU1I2OVFGMDlFUUhGcnBVZFlQV1RkNEtHY1c3UlVuTlVMZU1lZnRYMDFLbG9RWmc?oc=5,2026-02-03 09:49:57
Reuters,Trendforce sees chip prices surging 90-95% in Q1 from previous quarter,https://news.google.com/rss/articles/CBMirAFBVV95cUxNb1FKQ1IyLXc1UExUSFVRLWtlN2stb1FzQ0FhZmZCQUt6ZXktSDVzU1VlUTBZaTh4YzdoM2xtSWlXSVgxTkw1RUFGWVJJWmhTSWFKSXJrb2k3ZmhFdW5YTkoweW9YVDRadE1NUW1IUl91UjlhS3VyNDZjNk5mRzl1QzkwdHZYQlJoREE1ZUIwWVFuRFJtR1dWZXRxcUo1QUM0RW11aUFGZFdodTlr?oc=5,2026-02-03 09:49:57
Reuters,Equinor divests parts of its Argentina assets in $1.1 billion deal,https://news.google.com/rss/articles/CBMirwFBVV95cUxNb1FiZDladkM3X2dpZDgyYUVyTTVpZGtiNGhESHphSUIxVl9UM3F4VG9LVnFJUUcxTnp6R2VTOG9nSWJoZnVxc1c1MnpWZjFnM01fU1lDc0ZORXZkZG50ZDE5TjNSaVZUMHR1azhEb3plbTVPTWNSODgwSjJueEFYc3d3VXUtbEpjU08xLWdIaW4zMmJOSHpvekk0MkY1MXctdi1GSVQ3dWhyVVI5UDJF?oc=5,2026-02-03 09:49:57
Reuters,Tens of thousands of transport workers walk off job in Germany,https://news.google.com/rss/articles/CBMisgFBVV95cUxNODktQ1pHWnN4VWx6bVVrVnJnRktGUHhRU2pFZ1hucmJ0Rk5FVjAxb3YtT1pXRVp4SzdycjE4Zkw2dU1XZzhCdlAyVlBEbXk0ZkRmTE9UX3M3NUI1X2lEM043UERLaDNrYmZzMUdmNWdIeEhETzJaeVZZaVlDZ2cyeUYtcHlWekF0ODRaZ3YybUtmZWRZUjd2TDVCUi1PWXFLNjRxalZuQ29MTXRJUzZzYWlR?oc=5,2026-02-03 09:49:57
Reuters,Slump in commodities rattles global markets,https://news.google.com/rss/articles/CBMikgFBVV95cUxPakxrWEZkN1N2eUhSMlE2OEdRTWxpZDd2Tl9Za3lkREZJY1pYRDA0aTJkQWpUMDJ1UmItcFN5bHU4bThlTmh1dmU4bV9MUzd4b2g4WFdBODNNS1BOcmgwM20zcFJlVmhoa2RXd3h4d05kcTQ3TW5BdlVCOFV5M3RuR1lNMEhEZkxmYlZqQ05oYWJoUQ?oc=5,2026-02-03 09:49:57
Reuters,"Witkoff, Iran's Araqchi to discuss possible nuclear deal on Friday, US official says",https://news.google.com/rss/articles/CBMiyAFBVV95cUxNSnBOTS1WR2pMWXE4QmFzdGVBdE1MbUFoMW85VkdyNFZVRldocTdZcjhBWnZROUkwRlhkR21JVUdyNTZESlBLbTRmWXkxMHBDM2hLSDN1Z3RLcGhwRTE4YW42Vzd2akhScWJkeDRDaGJKRWpMaXNyTnF4QUIyT2gyRV9jQnlVbk9UVmVXeGpxeUNQczcyWUU4YnNjeG1JOUpYbkRzd1IyOWlYSWpNUnZDZWdyZWVhOW0wZGREeHRodXR3R0NCY3RkVg?oc=5,2026-02-03 09:49:57
Reuters,"JP Morgan sees gold at $6,300 an ounce by year-end on robust central‑bank, investor demand",https://news.google.com/rss/articles/CBMiyAFBVV95cUxPU25FQmpjSmFOejZiQ25rTm1zSmN4SlVEdFlBc0l3TVVVNXY0bURITzJva2xrVWxuNnNZeUJHR1BsR3RsOXVIYUF5TjlFWFZ2bUN2S3JWVW1hcnZvbjctWHJ0elgydkhXVGFDaS1sUWREU3FmMl90Q2NnSzFhcjhBcG5fQ2xyR0NKZk4yUGVZMzJTUUQxeGVDbVA4Z0hEUG9pcEw3YVlpTVFvZmdxdlNzQjZkUXdxbGpZcV9LUEZTOHlkaGs5dFB6VQ?oc=5,2026-02-03 09:49:57
Reuters,Arizona sheriff says missing mother of US TV host Savannah Guthrie was likely abducted,https://news.google.com/rss/articles/CBMipwFBVV95cUxOU2F1aExaeEVEcm0tUUowelM2TFJadE5ZNFhSdDB1bF9ldDlJejJHQzFtZnNVUTJOakNVTV95dWNoakxYeEZNbHZvWUY4UkY1OURCQXE3NkJPN3hvU1lDWVVLMXRVeEl2a2d4cm5Nakl2UUI2UmxSMlJHcWFvaGJncW1ENVNDMndBSVdmZEVyWHN5bWNaWkkwVUhGVEdRNUp6TGQtSDZTVQ?oc=5,2026-02-03 09:49:57
Reuters,"Cuba in communication with US, Cuban diplomat says, as Trump tightens screws",https://news.google.com/rss/articles/CBMiuwFBVV95cUxQMmpWZ2ZYZTRfZllPUGpQSW5BdEdVSzE4VWxOaUd6TDRZR3ByLUxwSUVJVFhOckFPTXVtQU1vNzg0RmxWckRYVVBBT3p2ellSS0ZuZ283M1hUM1N3NGdqTXg5NXdrM1JYcGw0SVZSRHZCam1fZG5vUksxeEY1VE0xWjlMODNLbXdWSm50SmMyZTItYk1yQjB6NTZqS25vY2FKc1c5MDkxejR3ODdfSUxnaUZXbWZYUm1VOXNV?oc=5,2026-02-03 09:49:57
Reuters,Alibaba to spend $431 million for Lunar New Year AI push as chatbot war heats up,https://news.google.com/rss/articles/CBMixwFBVV95cUxQRXpBRnhYdUVNdUNBa1JHQmNyRzI5eUxBWUFsTy1qa3preDNHejhTWUJJRWhVLVlmN3piaUJTUDdRc0psQktWUHJJMVBzMEp6OE9HLWJuSjZ3Ymp3dDJxRTZqMWgyblVmSDJnSTl1Q0gxOUJWV28tQ3NBR0pvdkdjUkUwMGlHajlreXZUVzM4NXFScHA5V2JoV3U1UE1KM3A0NUlwZGJNMnVxMGp0Q1BzQVZvZlpPc0w2dU1qdEJraHNvQUdkTkE0?oc=5,2026-02-03 09:49:57
Reuters,Trump announces creation of critical mineral reserve,https://news.google.com/rss/articles/CBMitgFBVV95cUxQS1N4VXMwOUFfZkw2NFE4N3JPa3ZKSXdNMXJtUkVvWGd0azJ3bHZ6XzZFZmhyV3RzZHc5LV80NWVxLTVKc0UtaWs4MVozRGd1cERLVElCdFBTdmhQbHk4aU5tQ1BRZ1ZvNmxIRVVTRmxTcDlrUFdFSG00dnNycW4xNjFYTkRZVERVYnpUTFJCeDV4VkdaamZTcDR0a20xZ3BiaWRTTWxPcllvdmhXQUlLaEFvaVgwdw?oc=5,2026-02-03 09:49:57
Reuters,Philippine VP Sara Duterte faces new impeachment complaints,https://news.google.com/rss/articles/CBMitAFBVV95cUxPMmw3TzhfV3hXQ2ZRSDRaWUhOOEp5Q21rb3RTbzA4OG9MSXpRelBNYzVLbTV3UHdMRUxDTm5xankwa3I3M005Sko0VzVSOW5qR29PLUJaVGFSU1JrN2twWHBrM1BHTlc0NkxnVFRrZU1RMUVzeWJDQTZOM0JLdWVnRWwtblU3NEtXeVI1eXk4YXdQcEZIM3l0THZrNHZER0JPWTBMMGFIakZLN0VWd0ZiZmFoalo?oc=5,2026-02-03 09:49:57
Reuters,"Russia does not want a global conflict, Medvedev says",https://news.google.com/rss/articles/CBMinwFBVV95cUxOWjJxY1NvM3hZdmpXR2JqZlgzRUFVU1VDUWgxNFlBY19UU0p1Rko1akp1dEpqckp4bmRNNzlXN0FqS1RkOUdDTFZIRzJzVnBwZlFpRVNnV2Z2S1ZXbkZiOXJLLWhuRE5uNVEyS180ei13VjBjeHFTUFBZb2hPR1I4OGNBbFJBYVFlbVFZVnFrVVZMRWU4X2FxcWs3bFZOc0U?oc=5,2026-02-03 09:49:57
Reuters,Russian captain found guilty over crew member's death in US tanker crash,https://news.google.com/rss/articles/CBMipwFBVV95cUxORVRxeEpYUHJ2SnNhSWlZel80UkRHTWozZmJtT0ZjV3BLR0lRUV8wamk5NlZ3bkF5bVVDWmNEemZVZW00UHk1UG9oOTV2dWdwdEkwMnhwbGNpMG1PN2Y3V3V3RnhGOHhlTkpQT0NuMDc2YWJOTExDdWl5ZUVMdFpDcEI0dV9VTmxqaXlZbUJWQkxublY0N2pYb1NwOGJtdHNvQUtlN2RoTQ?oc=5,2026-02-03 09:49:57
Reuters,Son of Norway's crown princess stands trial for rape and domestic violence,https://news.google.com/rss/articles/CBMisAFBVV95cUxQR1lDVHBuRlQ4d095RURBZkFvSWt4RzVUcWdtc2lIZkkzMDlFd0dRUHNZX2lsdmc3ODRWdFdYX1JzUnFWakxNTS10NWdnY2hBalo4ZzZrbjhZRVlwZHBRMTNlR19kZzQxQzRjc3RaamRZN3Vxd1g4WldGT2RtOEVSa1M2VnBNcGotakVubHBFTXdJMTR6djg4Z19YMjZhLTlndHRncmtQdEdzbUpNdnFOaQ?oc=5,2026-02-03 09:49:57
Reuters,Instant View: Markets plunge as precious metals meltdown spills over,https://news.google.com/rss/articles/CBMiogFBVV95cUxNai1HcHpMZjV5YXJWbEYyb0dVVEsxM2hLSXp1SlpnUWVERkVfRmp0OW12RS1qallpRnkzcEJEYXpwRnpxeDJoVE02Qjk4SmVVSDJhZ1doQWlpQjhEMHNPLW9xTmRXUi1jWC1NUlJXN2Eya1V2NkctalN1QUpSaVZHdnV5Tm5tdzhLQ0xxX2pGTTRZYmlRMVlRY1Y4cExwRUpNekE?oc=5,2026-02-03 09:49:57
Reuters,Germany arrests five suspected of supplying Russian firms in sanctions breach,https://news.google.com/rss/articles/CBMitgFBVV95cUxNbFR2QmdaRGJ1UEZLS1V4eElkQm15emF4QnMzMHZnZkw1cDlWYmdEUkp2eTVoN2kwR28yRzVWREZlUUxENUR5QmpwMDc0Ty1lSUw5TXZjQ1ZqV0dpWmwtaTNYWUNhY1hILVN3VG9jVWF4dXEwQ2t0aEd3cEpiVGZIeXFLYjFfOUFKWUdkcGdwZ2podk9hNUFlQXUyV3RYSlJNY3JrUlczZnY2Y3dzMnBITlJ1WmpYdw?oc=5,2026-02-03 09:49:57
Reuters,Morning Bid: Metals get a lot less precious as positions squeezed,https://news.google.com/rss/articles/CBMigwFBVV95cUxQTjB5d2owYlZKWVZzc3VuT25PZzBienB6czl6dDZpTzkyUTVwQkc5QVpMU1BtdnczZ2Y2ZEJocll6YXc3eE9zSUJRUmRJMlNPU1ZRNks0STkzVUI5bnRwVVR3bXVNd3ZTNUwwUkMxWG9UbGdRWjBsSFh2TnJ1Q1ByellQYw?oc=5,2026-02-03 09:49:57
Reuters,Slow movement at Gaza border after Israel reopens Rafah crossing,https://news.google.com/rss/articles/CBMivwFBVV95cUxNZWh4LTBqRjhNUThvdzBuR2FidVQtOGMwU0p0ZW4xTDlUMm5MUzVJdUlRUVU2MEJBZ1Q3RFZGdmk4amlWQ1hPYzdOdThrYUxOOG03dUwyWlpDcEUtLUEtSkFxRTQ5OUZOdkd5eFFaRVVaNlp0T250VzNlNzRjOUJKRWx1Y0pPTzU4MWgzSkNra29GRmUzSFpEX3hqMDVNXzgtdDlieDZ3ZHIyMTk0RTdha2FWZDBKZHdmMDVDQVY2bw?oc=5,2026-02-03 09:49:57
Reuters,"Gold, silver extend fall as CME margin hikes compound sharp selloff",https://news.google.com/rss/articles/CBMirgFBVV95cUxObFBuRk9XenpRNWhfYThKM1BlZlVjT1ZYdFE4TkpTcF8tRlZYelllSG5kaGh4QjlMTTBJQlM1cmpUNkVOc1lnNjdJbW4wRWVQSHo2eWU0ZTRXLVc4UkpmcWFUZ1B1VDZZTWNNNWlMNW5BQ2V4ckJLenMteHQwenV0MnBldjVsaGtmY1RvcUJOdnpIVTMzTnBVcEFiQkFsb29ZSUpIdXRVZ3ZuekJ6V3c?oc=5,2026-02-03 09:49:57
Reuters,"Global stock index edges down, silver and oil extend losses",https://news.google.com/rss/articles/CBMigwFBVV95cUxQckVYdU9NWFN5RUJYOG54clIwdHQ2OEYxb0JHalNGVm5ZVlpOSER5eFpxTkJ4ME0yNk1vT2gwdVNpOGpqU3FPT0dlTlgycDZ1QkU4U0JNU3NJaTVxcjNnUEV6Zng0VGFVV0puZ1ZwR1c2TDVMUXEzeVkwdVgwaDhLWFFZSQ?oc=5,2026-02-03 09:49:57
Reuters,"Disgruntled with Western pork, China wants to go back to black pigs",https://news.google.com/rss/articles/CBMirAFBVV95cUxQWXpUVkgtX1B6dWk1X1RRblFLNXd4LWVLaVNZMmtPTkJ3TjVEODlsMzd3UG9Rc3pXRDRwODFfSHdxZDdhNVF4RGtGSE1zd0hiVDUzaXA3elc0X2l1VnprcHlKZXA4RGRmMGRxaVVUNzV3eGxnWGVEeHY5b0dPRVl5eFVLcnJ1YmY1eHdZa0RrdkhTUFZ0NG8yQ1pwQjBkcXBBUnh1UHlTUkp5eDNJ?oc=5,2026-02-03 09:49:57
Reuters,Trump plans to close Kennedy Center for two years for reconstruction work,https://news.google.com/rss/articles/CBMisAFBVV95cUxPSF94UXIzV3pWVGZ0T3laSnNKMHdTbGZuZ201QlBPQllwdUZRVlJtQWhjTUZ5Qk0wTmdKSzhFVXlTZHFKX1Y2QWZ1TTVuX0g2dEotNkYtdTEyWFItMTRKYUJuX1RyTFFNMDI0bl9fRGJYZVo2NTM2bjFHcHVrQ0doSF9tTnFiLXhXWnNBQi1MQkxHMzhrczdHekwzS1hJbm5jNTFCdkpRRGIyMmVhOWVmRQ?oc=5,2026-02-03 09:49:57
Reuters,Hyundai Motor did not exercise option to buy back Russian auto factory,https://news.google.com/rss/articles/CBMizgFBVV95cUxOMzhEM1BJZWg4eGVtUmkyd3ZvUTMtRHpoWm0wZGRVb0UwdzAzdlRjMmw0S3EtcS10eFZSN05XS1Z6RE5EdkFBNXBkbmRLWGhPZUhOX0EwNG9KeGE2RC1ROGFKVnRQYXNIRHQ4S0s2UjRtXzVmNmNTZXJDcjk4Qi1sdlQ2WmVCYXRRTG4tUWVWVlp6SjRneklsQWtpdzE1cW43MnlqQzhCVFVqWXUtNkpEWFQxQ0NWZHBKd3gxUTJGcXBzZ0JOYXV4TFVIbHF4Zw?oc=5,2026-02-03 09:49:57
Reuters,"Boeing, GE analyzing potential durability issue on 777X engines",https://news.google.com/rss/articles/CBMi0wFBVV95cUxNRmt4YTR3U3phak56S0ZsbDhhcTJSaDdUVTAzeTRPeFpGREp6VE5PT1BEb1BkZldQSmxFejZxeVMyczl1TjF4anUzUkI1eU1udm1qODZ0bjkzcnFqeWJKLUo5YXdqZlA3MndXem83dTluR0FYWTV0dEQxV0FMLUZsaHRWRXhIeGxOYWJDQl94ckltSk5QWEIyS1JpMEFyR1d0dnRRWllkVW0xQzJzN09EQTNlWkZFVlVjcGZrWGtraVZSU2VRYUlkUzFRcUF5a0RMbFdv?oc=5,2026-02-03 09:49:57
Reuters,"Oil settles down over 4% on US-Iran de-escalation, easing supply worries",https://news.google.com/rss/articles/CBMioAFBVV95cUxQS2d3NklrTjVqYjhaZHBoTmZicGF2QWNtWDg4NnJWQkZ0Xy1QcUxCa0oyN0NIc2l1cDhHQTVEWGJINnZlVkdiTjlJcHZoWENiV1ExVUswblBjY1hkWm5YR01xbDJCdWl4Q1poWnRVTE1mUDlrVWtLWmUxY19aWFlYeFVDQV9FaG8weWdVRzhOMUhaTHJUektCblJENXpFNEhY?oc=5,2026-02-03 09:49:57
Reuters,Trump says Mexico will stop sending oil to energy-starved Cuba,https://news.google.com/rss/articles/CBMisAFBVV95cUxOdzc4dmZKU1NSZFB3a3NUcmhKaGJOTEdubkNJdHJxMVJYOEJRQk56eC03RHI4MVZjRWlVM3pxdnN4RGNlc3FpM0FrX1FwOG5kRnQzR0RyUXN4cXRQSGZqdEZGUEotbXppWDlMbzFQV1JBcExCUGFhM2c2blBGc2RaXzBfQnhlbnZudHRaa3daU3ZnZ3c4bUVxN00xakNoMTZqLU1fUTI2aWMwLV9xXzVQdg?oc=5,2026-02-03 09:49:57
Reuters,Oracle says it plans to raise up to $50 billion in debt and equity this year,https://news.google.com/rss/articles/CBMilAFBVV95cUxQMTVmVjhaWDdFRFhZc3BHa0JQZHh1SFo1X1dRd2JxZzh1QWxOeXh2c19xbkJMbHZtdWNfRmRwallmSVBKdUZrdXloMkhHSFF4cUNPeUZGV25aTEJDbzNIaHNjQ1YxcUVNQzlqMVc0TlVSZUItbWJlUXJFb2NndTl1b1pjX2hJWFQ1UGYtNEliLThPSkpU?oc=5,2026-02-03 09:49:57
Reuters,Snowflake partners with OpenAI in $200 million AI deal,https://news.google.com/rss/articles/CBMimwFBVV95cUxQVGpJSzNidEhOQnpySDNTalYzRTJSZDc5dDZKYkVYUTlBWTJFYmo3a29Cejdqa19GNFd0b2t3ekpKMWMweHBzTXRZNHZ6aU9CNEFFZ2RPYW1yUmIwc0NDM3VieFVJVnpjN0R6UmgwdzI3MFNBbC0yaWUtVWZGMXZCd2lSZXBmZU1ZbDF3cWJ3bU5peDBFY2hoNldqRQ?oc=5,2026-02-03 09:49:57
Reuters,"Japan PM Takaichi's party poised for landslide victory, poll shows",https://news.google.com/rss/articles/CBMivgFBVV95cUxPYnRXZi15ZWRydHR4QldTX010SHFwX3RsbHZna3BfbXdtS2lvREY3TFk4cnF3dEowRFJxWDNDa0hEZ3A1RXlLVjBXUzF4ZkNGb1JKazRZME1oU0pYV2hDNGIwOG5LS2ZhMDB4ejZaQ1lkSVRtMFMxLWJMRzV4bFVKV1RfMV8tLV9idDRYbEw4NTBHYWVTcFlRQ0ZldFpvTTR4LUJqbk5MQ3Q2V0VUYWZfUHFhWkc0VzBHOWp2b2R3?oc=5,2026-02-03 09:49:57
Reuters,UK's Mandelson faces scrutiny over Epstein ties and leaked briefing,https://news.google.com/rss/articles/CBMivwFBVV95cUxPZUgwVmIyWjNJRHlfcTgxTjdDMTdzZDBqa1FFVVdmTlNvX1B6T3l3QWFWUEJCTEpfY1NNUkpZd2hBaklmeG1vZW1HRmd1RnMxbm1NV2tXNk1uR2FPaUhzRjJZaE91TmNfOVp0VkRaZG5vVjZjOXo5QW5DcWpnRkxzcExwck50LWR0T3NhQjgxZjQxZEc3Q1hHSEFDNDlQTG1TX3pQdzAxbGxxSDhyTzN6WUFwNk8xMEtGWnNrMGN3dw?oc=5,2026-02-03 09:49:57
The Guardian,USNew Epstein files reveal he may have trafficked girls to others despite official denials,https://www.theguardian.com/us-news/2026/feb/02/epstein-files-new-batch,2026-02-03 09:50:00
The Guardian,"Epstein filesEpstein and magician David Copperfield appeared to have ‘very close relationship’, newly released files say",https://www.theguardian.com/us-news/2026/feb/02/epstein-files-david-copperfield,2026-02-03 09:50:00
The Guardian,AnalysisWhat do new files reveal about Trump’s ties to Jeffrey Epstein?,https://www.theguardian.com/us-news/2026/feb/02/epstein-files-trump,2026-02-03 09:50:00
The Guardian,Key takeawaysNewly released Jeffrey Epstein files: 10 key takeaways so far,https://www.theguardian.com/us-news/2026/feb/02/new-jeffrey-epstein-files-key-takeaways,2026-02-03 09:50:00
The Guardian,Full reportJudge blocks Trump administration’s stripping of Haitians’ protected status,https://www.theguardian.com/us-news/2026/feb/02/trump-administration-blocked-tps-haitians,2026-02-03 09:50:00
The Guardian,Project VaultTrump unveils $12bn critical minerals reserve in apparent move to counter China’s dominance,https://www.theguardian.com/us-news/2026/feb/03/trump-critical-minerals-stockpile-project-vault,2026-02-03 09:50:00
The Guardian,Trump administrationTrump says he will cut tariffs on India after Modi agrees to stop buying Russian oil,https://www.theguardian.com/us-news/2026/feb/02/trump-tariffs-deal-india-modi-russian-oil,2026-02-03 09:50:00
The Guardian,Donald TrumpTrump faces criticism as ‘beyond unprecedented’ UAE crypto deal raises conflict of interest fears,https://www.theguardian.com/us-news/2026/feb/02/trump-uae-crypto-deal,2026-02-03 09:50:00
The Guardian,IranCo-writer of Oscar-nominated film It Was Just an Accident arrested in Iran,https://www.theguardian.com/world/2026/feb/02/mehdi-mahmoudian-co-writer-oscar-nominated-film-it-was-just-an-accident-arrested-in-iran,2026-02-03 09:50:00
The Guardian,GazaUS contractor sent Gaza plan to White House that would secure 300% profits,https://www.theguardian.com/world/2026/feb/02/contractor-gaza-profits-white-house-gothams,2026-02-03 09:50:00
The Guardian,Palestine‘A violation of our history’: Palestinian uproar over Israel’s plan to seize historic West Bank site,https://www.theguardian.com/world/2026/feb/02/palestinian-uproar-israel-plan-seize-historic-site-sebastia-west-bank,2026-02-03 09:50:00
The Guardian,UK politicsFormer US ambassador Peter Mandelson could face police inquiry over alleged leak to Epstein,https://www.theguardian.com/us-news/2026/feb/02/mandelson-could-face-police-inquiry-over-alleged-leak-to-epstein,2026-02-03 09:50:00
The Guardian,ExplainerCan Peter Mandelson be stripped of his peerage over Epstein links?,https://www.theguardian.com/politics/2026/feb/02/can-peter-mandelson-stripped-peerage-epstein-links,2026-02-03 09:50:00
The Guardian,UKSarah Ferguson charity to close after new details of friendship with Epstein,https://www.theguardian.com/uk-news/2026/feb/03/sarah-ferguson-charity-to-close-after-new-details-of-friendship-with-epstein,2026-02-03 09:50:00
The Guardian,MonarchySecond woman alleging Epstein sent her to UK for Andrew encounter wants apology from king’s lawyers,https://www.theguardian.com/uk-news/2026/feb/02/second-woman-alleging-epstein-sent-uk-andrew-encounter-wants-apology-king-lawyers,2026-02-03 09:50:00
The Guardian,"MusicAnti-ICE protests, brilliance by Bieber and the Dalai Lama’s first win: the 10 biggest moments at the 2026 Grammys",https://www.theguardian.com/music/2026/feb/02/anti-ice-bieber-dalai-lama-10-biggest-moments-2026-grammys,2026-02-03 09:50:00
The Guardian,Transfer windowDisasi joins West Ham on loan; Liverpool confirm Jacquet deal,https://www.theguardian.com/football/2026/feb/02/west-ham-chelsea-axel-disasi-loan-transfer-window,2026-02-03 09:50:00
The Guardian,As it happenedOur rolling blog on transfer deadline day,https://www.theguardian.com/football/live/2026/feb/02/transfer-deadline-day-mateta-strand-larsen-jacquet-latest-and-more-live,2026-02-03 09:50:00
The Guardian,Men’s transfer windowJanuary 2026: deals from Europe’s top five leagues,https://www.theguardian.com/football/ng-interactive/2025/dec/29/mens-transfer-window-january-2026-all-deals-europe-top-five-leagues,2026-02-03 09:50:00
The Guardian,Women’s transfer windowJanuary 2026: deals from world’s top six leagues,https://www.theguardian.com/football/ng-interactive/2025/dec/29/womens-transfer-window-january-2026-all-deals-world-top-six-leagues,2026-02-03 09:50:00
The Guardian,FootballTottenham's Romero hits out at ‘disgraceful’ squad shortage on social media post,https://www.theguardian.com/football/2026/feb/02/christian-romero-tottenham-manchester-city-disgraceful-squad-shortage-social-media-post,2026-02-03 09:50:00
The Guardian,Football DailyRonaldo and an argument at Al-Nassr that doesn’t make sense,https://www.theguardian.com/football/2026/feb/02/cristiano-ronaldo-al-nassr-football-daily-newsletter,2026-02-03 09:50:00
The Guardian,Rugby unionBorthwick asks for England fans’ roar in support of grieving Itoje,https://www.theguardian.com/sport/2026/feb/02/jamie-george-captain-england-wales-six-nations-steve-borthwick-maro-itoje-rugby-union,2026-02-03 09:50:00
The Guardian,Tumaini CarayolAlcaraz makes strong case for being the best young male player tennis has seen,https://www.theguardian.com/sport/2026/feb/02/carlos-alcaraz-strong-case-for-being-the-best-young-male-player-tennis-has-seen,2026-02-03 09:50:00
The Guardian,Australian OpenThe best images from the women’s and men’s finals,https://www.theguardian.com/sport/gallery/2026/feb/02/australian-open-2026-mens-womens-finals-best-photos-images-pictures-gallery,2026-02-03 09:50:00
The Guardian,ICEBrazilian influencer who defended US immigration crackdown arrested,https://www.theguardian.com/us-news/2026/feb/02/rightwing-brazilian-influencer-junior-pena-arrested-by-ice,2026-02-03 09:50:00
The Guardian,US‘They killed him inside’: man who was son’s caretaker detained by ICE and denied final goodbye,https://www.theguardian.com/us-news/2026/feb/02/caregiver-detained-ice-dallas-maher-tarabishi-wael,2026-02-03 09:50:00
The Guardian,US immigrationState department and Marco Rubio sued over order denying visas to 75 countries,https://www.theguardian.com/us-news/2026/feb/02/marco-rubio-state-department-lawsuit-visa-ban,2026-02-03 09:50:00
The Guardian,USDemocrats vow to fight ‘full-blown cover-up’ after release of Epstein files,https://www.theguardian.com/us-news/2026/feb/02/new-epstein-files-democrats-call-cover-up,2026-02-03 09:50:00
The Guardian,Son of Norway’s crown princess arrested on new charges before start of rape trial,https://www.theguardian.com/world/2026/feb/02/marius-borg-hoiby-son-of-norway-crown-princess-arrested-new-charges-before-rape-trial,2026-02-03 09:50:00
The Guardian,Ukraine war briefing: Kyiv under Russian missile attack after Trump says US may have ‘good news’ on war,https://www.theguardian.com/world/2026/feb/03/ukraine-war-briefing-kyiv-under-russian-missile-attack,2026-02-03 09:50:00
The Guardian,"More than 120 dead after multiple suicide and gun attacks in Pakistan, officials say",https://www.theguardian.com/world/2026/feb/01/dozens-killed-multiple-attacks-pakistan,2026-02-03 09:50:00
The Guardian,These states voted to protect abortion rights. Conservative lawmakers are not standing down,https://www.theguardian.com/world/2026/feb/02/abortion-rights-conservative-lawmakers,2026-02-03 09:50:00
The Guardian,Beijing condemns Dalai Lama’s Grammy win as ‘anti-China political manipulation’,https://www.theguardian.com/world/2026/feb/02/grammys-2026-dalai-lama-first-grammy-award-win,2026-02-03 09:50:00
The Guardian,"Norway’s crown princess had years of contact with Epstein, files suggest",https://www.theguardian.com/world/2026/feb/01/norway-crown-princess-contact-epstein-files-appear-to-show,2026-02-03 09:50:00
The Guardian,"Fernández wins Costa Rican presidency, steering Latin America further right",https://www.theguardian.com/world/2026/feb/02/laura-fernandez-wins-costa-rica-president-latin-america-rightwing,2026-02-03 09:50:00
The Guardian,Iran’s top diplomat says government is ready for talks with US on a nuclear deal,https://www.theguardian.com/world/2026/feb/02/iran-abbas-araghchi-talks-us-nuclear-deal,2026-02-03 09:50:00
The Guardian,US contractor sent Gaza plan to White House that would secure 300% profits,https://www.theguardian.com/world/2026/feb/02/contractor-gaza-profits-white-house-gothams,2026-02-03 09:50:00
The Guardian,Mexico’s president pledges to send aid to Cuba despite US efforts to cut oil access,https://www.theguardian.com/world/2026/feb/02/claudia-sheinbaum-mexico-oil-cuba-trump,2026-02-03 09:50:00
The Guardian,‘Where r u? I miss you’: how vivid new Epstein emails sealed Mandelson’s fate,https://www.theguardian.com/politics/2026/feb/02/how-vivid-new-epstein-emails-sealed-mandelson-fate,2026-02-03 09:50:00
The Guardian,‘We put a stink bomb in Stephen Fry’s shoe’: Vic and Bob on the inspired idiocy of Shooting Stars,https://www.theguardian.com/culture/2026/feb/02/vic-reeves-bob-mortimer-shooting-stars-stephen-fry,2026-02-03 09:50:00
The Guardian,"No more get-out clauses, no way back. It’s surely the end for Peter Mandelson, finally",https://www.theguardian.com/politics/2026/feb/02/no-more-get-out-clauses-peter-mandelson-on-his-own,2026-02-03 09:50:00
The Guardian,"How much did the Epstein poison infect Britain? Starmer had better find out, and fast",https://www.theguardian.com/commentisfree/2026/feb/02/jeffrey-epstein-poison-infect-britain-keir-starmer,2026-02-03 09:50:00
The Guardian,The Epstein files expose just how cheap corruption is in the UK,https://www.theguardian.com/commentisfree/2026/feb/02/epstein-files-expose-cheap-corruption-uk,2026-02-03 09:50:00
The Guardian,"Hidden detail found in Anne Boleyn portrait was ‘witchcraft rebuttal’, say historians",https://www.theguardian.com/uk-news/2026/feb/02/hidden-detail-anne-boleyn-portrait-painting-witchcraft-rebuttal-hever-rose,2026-02-03 09:50:00
The Guardian,The Guardian view on the Mandelson-Epstein emails: unavoidable questions of misconduct in public office,https://www.theguardian.com/commentisfree/2026/feb/02/the-guardian-view-on-the-mandelson-epstein-emails-unavoidable-questions-of-misconduct-in-public-office,2026-02-03 09:50:00
The Guardian,Alcaraz makes strong case for being the best young male player tennis has seen,https://www.theguardian.com/sport/2026/feb/02/carlos-alcaraz-strong-case-for-being-the-best-young-male-player-tennis-has-seen,2026-02-03 09:50:00
The Guardian,Is Jeff Bezos going to destroy the Washington Post? It sure looks like it,https://www.theguardian.com/commentisfree/2026/feb/02/jeff-bezos-destroy-washington-post,2026-02-03 09:50:00
The Guardian,"Jess Cartner-Morley’s February style essentials: joyful jumpers, 24-hour earrings and the world’s most flattering tee",https://www.theguardian.com/thefilter/2026/feb/02/jess-cartner-morleys-february-style-essentials-2026,2026-02-03 09:50:00
