sentence,tokens,labels
"She has a master's degree from New York University, and enjoys a scoop of Matcha ice cream as much as getting a scoop at work.","['She', 'has', 'a', ""master's"", 'degree', 'from', 'New', 'York', 'University', ',', 'and', 'enjoys', 'a', 'scoop', 'of', 'Matcha', 'ice', 'cream', 'as', 'much', 'as', 'getting', 'a', 'scoop', 'at', 'work', '.']","['O', 'O', 'B-ORG', 'O', 'O', 'O', 'B-ORG', 'I-ORG', 'I-ORG', 'O', 'O', 'O', 'B-ORG', 'O', 'O', 'B-ORG', 'O', 'O', 'O', 'O', 'O', 'O', 'B-ORG', 'O', 'B-ORG', 'O', 'O']"
"Feb 2 (Reuters) - (This Feb 2 story has been corrected to remove the reference to Waymo being the only operator in the U.S. offering paid robotaxi services, in paragraph 5)  Alphabet (GOOGL.O), opens new tab unit Waymo said it had raised $16 billion in its latest fundraising round that valued the self-driving car startup at $126 billion, nearly tripling its valuation in less than two years.","['Feb', '2', '(', 'Reuters', ')', '(', 'This', 'Feb', '2', 'story', 'has', 'been', 'corrected', 'to', 'remove', 'the', 'reference', 'to', 'Waymo', 'being', 'the', 'only', 'operator', 'in', 'the', 'U', '.', 'S', '.', 'offering', 'paid', 'robotaxi', 'services', ',', 'in', 'paragraph', '5', ')', 'Alphabet', '(', 'GOOGL', '.', 'O', ')', ',', 'opens', 'new', 'tab', 'unit', 'Waymo', 'said', 'it', 'had', 'raised', '16', 'billion', 'in', 'its', 'latest', 'fundraising', 'round', 'that', 'valued', 'the', 'self', 'driving', 'car', 'startup', 'at', '126', 'billion', ',', 'nearly', 'tripling', 'its', 'valuation', 'in', 'less', 'than', 'two', 'years', '.']","['O', 'B-CARDINAL', 'O', 'B-ORG', 'O', 'O', 'O', 'O', 'B-CARDINAL', 'B-ORG', 'O', 'O', 'B-ORG', 'I-ORG', 'I-ORG', 'O', 'O', 'B-ORG', 'I-ORG', 'O', 'O', 'B-ORG', 'I-ORG', 'O', 'O', 'B-LOC', 'I-LOC', 'I-LOC', 'I-LOC', 'B-ORG', 'O', 'B-ORG', 'O', 'O', 'O', 'O', 'B-CARDINAL', 'O', 'B-ORG', 'O', 'B-ORG', 'B-LOC', 'B-ORG', 'O', 'O', 'B-ORG', 'O', 'O', 'O', 'B-ORG', 'O', 'O', 'O', 'O', 'B-CARDINAL', 'B-ORG', 'O', 'O', 'O', 'O', 'B-ORG', 'O', 'O', 'O', 'O', 'O', 'O', 'O', 'O', 'B-CARDINAL', 'B-ORG', 'O', 'O', 'O', 'O', 'B-ORG', 'O', 'O', 'O', 'B-ORG', 'O', 'B-LOC']"
"As one of the most sought-after applications of artificial intelligence, leading autonomous vehicle companies are investing heavily in commercializing their technology, with a focus on safety and regulatory collaboration to gain market share.","['As', 'one', 'of', 'the', 'most', 'sought', 'after', 'applications', 'of', 'artificial', 'intelligence', ',', 'leading', 'autonomous', 'vehicle', 'companies', 'are', 'investing', 'heavily', 'in', 'commercializing', 'their', 'technology', ',', 'with', 'a', 'focus', 'on', 'safety', 'and', 'regulatory', 'collaboration', 'to', 'gain', 'market', 'share', '.']","['O', 'O', 'O', 'O', 'O', 'O', 'O', 'O', 'O', 'O', 'O', 'O', 'O', 'O', 'O', 'O', 'O', 'O', 'O', 'O', 'O', 'O', 'O', 'O', 'O', 'O', 'O', 'O', 'O', 'O', 'O', 'O', 'O', 'O', 'O', 'O', 'O']"
"The round was led by Dragoneer Investment Group, DST Global, and Sequoia Capital, with additional investments from Mubadala Capital, Andreessen Horowitz and T. Rowe Price.","['The', 'round', 'was', 'led', 'by', 'Dragoneer', 'Investment', 'Group', ',', 'DST', 'Global', ',', 'and', 'Sequoia', 'Capital', ',', 'with', 'additional', 'investments', 'from', 'Mubadala', 'Capital', ',', 'Andreessen', 'Horowitz', 'and', 'T', '.', 'Rowe', 'Price', '.']","['O', 'O', 'O', 'O', 'O', 'B-ORG', 'I-ORG', 'I-ORG', 'O', 'B-ORG', 'I-ORG', 'O', 'B-ORG', 'I-ORG', 'I-ORG', 'O', 'O', 'O', 'O', 'O', 'B-ORG', 'I-ORG', 'O', 'B-ORG', 'I-ORG', 'I-ORG', 'I-ORG', 'I-ORG', 'I-ORG', 'I-ORG', 'I-ORG']"
"As of the last external financing in 2024, Waymo was valued at $45 billion, based on data from Tracxn.","['As', 'of', 'the', 'last', 'external', 'financing', 'in', '2024', ',', 'Waymo', 'was', 'valued', 'at', '45', 'billion', ',', 'based', 'on', 'data', 'from', 'Tracxn', '.']","['O', 'O', 'O', 'O', 'O', 'O', 'O', 'B-DATE', 'O', 'B-ORG', 'O', 'O', 'O', 'B-CARDINAL', 'O', 'O', 'O', 'O', 'O', 'O', 'B-ORG', 'O']"
"The company said it tripled its volume to 15 million rides in 2025, providing 400,000 rides weekly across six major U.S. metropolitan areas.","['The', 'company', 'said', 'it', 'tripled', 'its', 'volume', 'to', '15', 'million', 'rides', 'in', '2025', ',', 'providing', '400', ',', '000', 'rides', 'weekly', 'across', 'six', 'major', 'U', '.', 'S', '.', 'metropolitan', 'areas', '.']","['O', 'O', 'O', 'O', 'O', 'O', 'O', 'O', 'B-CARDINAL', 'O', 'O', 'O', 'B-DATE', 'O', 'O', 'B-CARDINAL', 'O', 'B-CARDINAL', 'O', 'O', 'O', 'O', 'O', 'B-LOC', 'I-LOC', 'I-LOC', 'I-LOC', 'O', 'O', 'B-LOC']"
"While Waymo remains the leader in the U.S. market, competition is brewing, with Elon Musk's Tesla (TSLA.O), opens new tab making robotaxis a core priority for the company, pivoting away from electric vehicles.","['While', 'Waymo', 'remains', 'the', 'leader', 'in', 'the', 'U', '.', 'S', '.', 'market', ',', 'competition', 'is', 'brewing', ',', 'with', 'Elon', ""Musk's"", 'Tesla', '(', 'TSLA', '.', 'O', ')', ',', 'opens', 'new', 'tab', 'making', 'robotaxis', 'a', 'core', 'priority', 'for', 'the', 'company', ',', 'pivoting', 'away', 'from', 'electric', 'vehicles', '.']","['O', 'B-ORG', 'O', 'O', 'O', 'O', 'O', 'B-ORG', 'B-LOC', 'B-ORG', 'B-LOC', 'O', 'O', 'B-ORG', 'O', 'O', 'O', 'O', 'B-ORG', 'O', 'B-ORG', 'O', 'B-ORG', 'B-LOC', 'B-ORG', 'O', 'O', 'B-ORG', 'O', 'O', 'O', 'B-ORG', 'I-ORG', 'I-ORG', 'I-ORG', 'I-ORG', 'O', 'B-ORG', 'O', 'B-ORG', 'O', 'B-ORG', 'O', 'O', 'B-LOC']"
"Amazon's (AMZN.O), opens new tab self-driving unit Zoox has also offered free robotaxi rides to the public on and around the Las Vegas Strip and in parts of San Francisco.","[""Amazon's"", '(', 'AMZN', '.', 'O', ')', ',', 'opens', 'new', 'tab', 'self', 'driving', 'unit', 'Zoox', 'has', 'also', 'offered', 'free', 'robotaxi', 'rides', 'to', 'the', 'public', 'on', 'and', 'around', 'the', 'Las', 'Vegas', 'Strip', 'and', 'in', 'parts', 'of', 'San', 'Francisco', '.']","['B-ORG', 'O', 'B-ORG', 'O', 'B-LOC', 'O', 'O', 'B-ORG', 'O', 'O', 'O', 'O', 'O', 'B-ORG', 'O', 'B-ORG', 'I-ORG', 'O', 'B-ORG', 'O', 'B-ORG', 'O', 'O', 'B-ORG', 'O', 'B-ORG', 'O', 'B-LOC', 'I-LOC', 'I-LOC', 'O', 'O', 'O', 'B-ORG', 'B-LOC', 'I-LOC', 'O']"
"However, safety concerns linger as the National Highway Traffic Safety Administration last week said it is opening an investigation after a Waymo self-driving vehicle struck a child near an elementary school in California.","['However', ',', 'safety', 'concerns', 'linger', 'as', 'the', 'National', 'Highway', 'Traffic', 'Safety', 'Administration', 'last', 'week', 'said', 'it', 'is', 'opening', 'an', 'investigation', 'after', 'a', 'Waymo', 'self', 'driving', 'vehicle', 'struck', 'a', 'child', 'near', 'an', 'elementary', 'school', 'in', 'California', '.']","['O', 'O', 'B-ORG', 'O', 'O', 'O', 'O', 'B-ORG', 'I-ORG', 'I-ORG', 'I-ORG', 'I-ORG', 'O', 'O', 'O', 'O', 'B-ORG', 'O', 'O', 'O', 'O', 'B-LOC', 'B-ORG', 'O', 'O', 'O', 'O', 'B-LOC', 'O', 'O', 'O', 'O', 'O', 'B-ORG', 'B-LOC', 'O']"
"KYIV, Feb 3 (Reuters) - President Volodymyr Zelenskiy accused Russia on Tuesday of exploiting a U.S.-backed energy truce to stockpile munitions and using them to attack Ukraine with hundreds of drones and a record number of ballistic missiles, a day before peace talks.","['KYIV', ',', 'Feb', '3', '(', 'Reuters', ')', 'President', 'Volodymyr', 'Zelenskiy', 'accused', 'Russia', 'on', 'Tuesday', 'of', 'exploiting', 'a', 'U', '.', 'S', '.', 'backed', 'energy', 'truce', 'to', 'stockpile', 'munitions', 'and', 'using', 'them', 'to', 'attack', 'Ukraine', 'with', 'hundreds', 'of', 'drones', 'and', 'a', 'record', 'number', 'of', 'ballistic', 'missiles', ',', 'a', 'day', 'before', 'peace', 'talks', '.']","['B-ORG', 'O', 'O', 'B-CARDINAL', 'O', 'B-NORP', 'O', 'B-NORP', 'B-PERSON', 'B-NORP', 'I-NORP', 'I-NORP', 'O', 'B-NORP', 'O', 'O', 'B-LOC', 'I-LOC', 'O', 'B-NORP', 'O', 'O', 'O', 'B-NORP', 'O', 'B-NORP', 'I-NORP', 'O', 'B-NORP', 'O', 'O', 'O', 'B-LOC', 'O', 'B-NORP', 'O', 'B-NORP', 'O', 'B-LOC', 'O', 'B-NORP', 'O', 'B-NORP', 'I-NORP', 'O', 'B-LOC', 'O', 'O', 'O', 'B-NORP', 'O']"
"Zelenskiy said Ukraine was waiting for U.S. reaction to Russia's overnight attack that damaged Ukraine's energy infrastructure, as Washington had prompted a short-lived ceasefire in attacks on energy targets.","['Zelenskiy', 'said', 'Ukraine', 'was', 'waiting', 'for', 'U', '.', 'S', '.', 'reaction', 'to', ""Russia's"", 'overnight', 'attack', 'that', 'damaged', ""Ukraine's"", 'energy', 'infrastructure', ',', 'as', 'Washington', 'had', 'prompted', 'a', 'short', 'lived', 'ceasefire', 'in', 'attacks', 'on', 'energy', 'targets', '.']","['B-PERSON', 'O', 'B-LOC', 'I-LOC', 'O', 'O', 'B-LOC', 'I-LOC', 'I-LOC', 'I-LOC', 'O', 'B-LOC', 'I-LOC', 'O', 'O', 'O', 'O', 'B-LOC', 'O', 'O', 'O', 'B-LOC', 'I-LOC', 'O', 'O', 'B-LOC', 'O', 'O', 'O', 'B-LOC', 'O', 'B-LOC', 'O', 'O', 'B-LOC']"
U.S. President Donald Trump told reporters Russian President Vladimir Putin had made an agreement that expired on Sunday.,"['U', '.', 'S', '.', 'President', 'Donald', 'Trump', 'told', 'reporters', 'Russian', 'President', 'Vladimir', 'Putin', 'had', 'made', 'an', 'agreement', 'that', 'expired', 'on', 'Sunday', '.']","['B-PERSON', 'B-LOC', 'B-NORP', 'B-LOC', 'O', 'B-PERSON', 'I-PERSON', 'O', 'O', 'B-NORP', 'O', 'B-PERSON', 'I-PERSON', 'O', 'O', 'B-NORP', 'O', 'O', 'O', 'B-PERSON', 'O', 'B-LOC']"
"""It was Sunday to Sunday, and it opened up and he hit them hard last night,"" he said at the White House.","['""', 'It', 'was', 'Sunday', 'to', 'Sunday', ',', 'and', 'it', 'opened', 'up', 'and', 'he', 'hit', 'them', 'hard', 'last', 'night', ',', '""', 'he', 'said', 'at', 'the', 'White', 'House', '.']","['O', 'B-LOC', 'O', 'O', 'O', 'O', 'O', 'O', 'B-LOC', 'O', 'O', 'O', 'O', 'B-LOC', 'O', 'O', 'O', 'O', 'O', 'O', 'O', 'O', 'O', 'O', 'B-LOC', 'I-LOC', 'O']"
"""He kept his word on that ... we'll take anything, because it's really, really cold over there.","['""', 'He', 'kept', 'his', 'word', 'on', 'that', '.', '.', '.', ""we'll"", 'take', 'anything', ',', 'because', ""it's"", 'really', ',', 'really', 'cold', 'over', 'there', '.']","['O', 'O', 'O', 'O', 'O', 'O', 'O', 'O', 'O', 'O', 'O', 'O', 'O', 'O', 'O', 'O', 'O', 'O', 'O', 'O', 'O', 'O', 'O']"
"Asked if he was disappointed, Trump replied: ""I want him to end the war.""","['Asked', 'if', 'he', 'was', 'disappointed', ',', 'Trump', 'replied', ':', '""', 'I', 'want', 'him', 'to', 'end', 'the', 'war', '.', '""']","['O', 'O', 'O', 'O', 'O', 'O', 'B-PERSON', 'O', 'O', 'O', 'O', 'O', 'O', 'O', 'O', 'O', 'O', 'O', 'O']"
"The attack knocked out heating in cities, including the capital Kyiv, during freezing temperatures, even as Ukrainian negotiators headed to Abu Dhabi for a second round of U.S.-brokered trilateral talks set for Wednesday and Thursday.","['The', 'attack', 'knocked', 'out', 'heating', 'in', 'cities', ',', 'including', 'the', 'capital', 'Kyiv', ',', 'during', 'freezing', 'temperatures', ',', 'even', 'as', 'Ukrainian', 'negotiators', 'headed', 'to', 'Abu', 'Dhabi', 'for', 'a', 'second', 'round', 'of', 'U', '.', 'S', '.', 'brokered', 'trilateral', 'talks', 'set', 'for', 'Wednesday', 'and', 'Thursday', '.']","['O', 'O', 'O', 'B-NORP', 'O', 'B-NORP', 'I-NORP', 'O', 'B-NORP', 'O', 'O', 'B-LOC', 'O', 'B-NORP', 'O', 'B-NORP', 'O', 'O', 'B-NORP', 'I-NORP', 'I-NORP', 'O', 'O', 'B-NORP', 'B-LOC', 'O', 'B-LOC', 'B-NORP', 'I-NORP', 'O', 'B-NORP', 'O', 'B-NORP', 'O', 'O', 'O', 'B-NORP', 'I-NORP', 'O', 'B-NORP', 'O', 'B-NORP', 'O']"
"""It was a deliberate attack against energy infrastructure, involving a record number of ballistic missiles,"" Zelenskiy wrote on X, a day after saying Moscow had largely observed the moratorium agreed by the two sides on energy facilities.","['""', 'It', 'was', 'a', 'deliberate', 'attack', 'against', 'energy', 'infrastructure', ',', 'involving', 'a', 'record', 'number', 'of', 'ballistic', 'missiles', ',', '""', 'Zelenskiy', 'wrote', 'on', 'X', ',', 'a', 'day', 'after', 'saying', 'Moscow', 'had', 'largely', 'observed', 'the', 'moratorium', 'agreed', 'by', 'the', 'two', 'sides', 'on', 'energy', 'facilities', '.']","['O', 'O', 'O', 'O', 'O', 'O', 'O', 'O', 'O', 'O', 'O', 'O', 'O', 'O', 'O', 'O', 'O', 'O', 'O', 'B-PERSON', 'O', 'O', 'B-ORG', 'O', 'O', 'O', 'O', 'O', 'B-LOC', 'O', 'O', 'O', 'O', 'O', 'O', 'O', 'O', 'O', 'O', 'O', 'O', 'O', 'O']"
"""The Russian army exploited the U.S. proposal to briefly halt strikes - not to support diplomacy but to stockpile missiles.""","['""', 'The', 'Russian', 'army', 'exploited', 'the', 'U', '.', 'S', '.', 'proposal', 'to', 'briefly', 'halt', 'strikes', 'not', 'to', 'support', 'diplomacy', 'but', 'to', 'stockpile', 'missiles', '.', '""']","['O', 'O', 'B-NORP', 'O', 'O', 'O', 'B-LOC', 'I-LOC', 'I-LOC', 'I-LOC', 'O', 'O', 'O', 'O', 'O', 'O', 'O', 'O', 'O', 'O', 'O', 'O', 'O', 'B-LOC', 'O']"
PRESSURE ON UKRAINE  Ukraine is under U.S. pressure to agree to a peace deal while attacks by Russia on its energy system appear intended to freeze Ukrainians into submission.,"['PRESSURE', 'ON', 'UKRAINE', 'Ukraine', 'is', 'under', 'U', '.', 'S', '.', 'pressure', 'to', 'agree', 'to', 'a', 'peace', 'deal', 'while', 'attacks', 'by', 'Russia', 'on', 'its', 'energy', 'system', 'appear', 'intended', 'to', 'freeze', 'Ukrainians', 'into', 'submission', '.']","['O', 'O', 'B-LOC', 'I-LOC', 'O', 'O', 'B-NORP', 'B-LOC', 'I-LOC', 'I-LOC', 'O', 'O', 'O', 'O', 'B-NORP', 'O', 'O', 'O', 'O', 'O', 'B-LOC', 'O', 'O', 'O', 'O', 'O', 'O', 'O', 'O', 'B-NORP', 'O', 'O', 'B-LOC']"
"The first round of trilateral talks in late January brought no movement on territorial issues, with Moscow demanding Kyiv cede more land in eastern Ukraine, which it refuses to do.","['The', 'first', 'round', 'of', 'trilateral', 'talks', 'in', 'late', 'January', 'brought', 'no', 'movement', 'on', 'territorial', 'issues', ',', 'with', 'Moscow', 'demanding', 'Kyiv', 'cede', 'more', 'land', 'in', 'eastern', 'Ukraine', ',', 'which', 'it', 'refuses', 'to', 'do', '.']","['O', 'O', 'O', 'O', 'O', 'O', 'B-LOC', 'O', 'O', 'O', 'O', 'O', 'O', 'O', 'O', 'O', 'O', 'B-LOC', 'O', 'B-LOC', 'O', 'O', 'O', 'B-LOC', 'O', 'B-LOC', 'O', 'O', 'O', 'O', 'O', 'O', 'O']"
"Sharpening his tone from previous days, Zelenskiy said on Tuesday the work of Ukraine's negotiators would be ""adjusted accordingly"" after the attack, but offered no details.","['Sharpening', 'his', 'tone', 'from', 'previous', 'days', ',', 'Zelenskiy', 'said', 'on', 'Tuesday', 'the', 'work', 'of', ""Ukraine's"", 'negotiators', 'would', 'be', '""', 'adjusted', 'accordingly', '""', 'after', 'the', 'attack', ',', 'but', 'offered', 'no', 'details', '.']","['O', 'O', 'O', 'O', 'O', 'O', 'O', 'B-PERSON', 'O', 'O', 'O', 'O', 'O', 'O', 'B-LOC', 'O', 'O', 'O', 'O', 'O', 'O', 'O', 'O', 'O', 'O', 'O', 'O', 'O', 'O', 'O', 'O']"
"Speaking to reporters in Kyiv at a press conference with NATO Secretary General Mark Rutte, he said Ukraine would approach Washington to discuss new consequences for Russia.","['Speaking', 'to', 'reporters', 'in', 'Kyiv', 'at', 'a', 'press', 'conference', 'with', 'NATO', 'Secretary', 'General', 'Mark', 'Rutte', ',', 'he', 'said', 'Ukraine', 'would', 'approach', 'Washington', 'to', 'discuss', 'new', 'consequences', 'for', 'Russia', '.']","['B-LOC', 'I-LOC', 'O', 'B-LOC', 'I-LOC', 'B-ORG', 'B-LOC', 'O', 'O', 'O', 'B-ORG', 'O', 'O', 'B-PERSON', 'I-PERSON', 'O', 'O', 'O', 'B-LOC', 'O', 'O', 'B-LOC', 'I-LOC', 'O', 'O', 'O', 'O', 'B-LOC', 'O']"
"In his nightly video address, Zelenskiy said: ""We expect a response from the United States to the Russian strikes.","['In', 'his', 'nightly', 'video', 'address', ',', 'Zelenskiy', 'said', ':', '""', 'We', 'expect', 'a', 'response', 'from', 'the', 'United', 'States', 'to', 'the', 'Russian', 'strikes', '.']","['O', 'O', 'O', 'O', 'O', 'O', 'B-PERSON', 'O', 'O', 'O', 'O', 'O', 'B-NORP', 'O', 'O', 'O', 'B-LOC', 'I-LOC', 'O', 'O', 'B-NORP', 'O', 'O']"
"It was America's proposal to stop strikes on energy infrastructure during diplomatic efforts and the cold winter period.""","['It', 'was', ""America's"", 'proposal', 'to', 'stop', 'strikes', 'on', 'energy', 'infrastructure', 'during', 'diplomatic', 'efforts', 'and', 'the', 'cold', 'winter', 'period', '.', '""']","['O', 'O', 'B-LOC', 'O', 'O', 'O', 'O', 'O', 'O', 'O', 'O', 'O', 'O', 'O', 'O', 'O', 'O', 'O', 'O', 'O']"
"Zelenskiy said Ukraine had been expected to make concessions, but it was also up to Russia to make concessions, mainly ""to stop the aggression.""","['Zelenskiy', 'said', 'Ukraine', 'had', 'been', 'expected', 'to', 'make', 'concessions', ',', 'but', 'it', 'was', 'also', 'up', 'to', 'Russia', 'to', 'make', 'concessions', ',', 'mainly', '""', 'to', 'stop', 'the', 'aggression', '.', '""']","['B-PERSON', 'O', 'B-LOC', 'O', 'O', 'O', 'O', 'O', 'O', 'O', 'O', 'O', 'O', 'O', 'O', 'O', 'B-LOC', 'O', 'O', 'O', 'O', 'O', 'O', 'O', 'O', 'O', 'O', 'O', 'O']"
"And if the United States and Europe did not have the power to stop Russian strikes, he asked, ""then who will believe there is the power to guarantee that the war will not reignite again?""","['And', 'if', 'the', 'United', 'States', 'and', 'Europe', 'did', 'not', 'have', 'the', 'power', 'to', 'stop', 'Russian', 'strikes', ',', 'he', 'asked', ',', '""', 'then', 'who', 'will', 'believe', 'there', 'is', 'the', 'power', 'to', 'guarantee', 'that', 'the', 'war', 'will', 'not', 'reignite', 'again', '?', '""']","['O', 'O', 'O', 'B-LOC', 'I-LOC', 'O', 'B-LOC', 'O', 'O', 'O', 'O', 'O', 'O', 'O', 'B-NORP', 'O', 'O', 'O', 'O', 'O', 'O', 'O', 'O', 'O', 'O', 'O', 'O', 'O', 'O', 'O', 'O', 'O', 'O', 'O', 'O', 'O', 'O', 'O', 'O', 'O']"
NEW ATTACKS ON ENERGY SYSTEM  Ukrainian officials said Russia launched 450 drones and over 70 missiles in strikes that wounded at least 12 people and struck apartment blocks and energy infrastructure as temperatures hovered around -20 Celsius (-4 Fahrenheit).,"['NEW', 'ATTACKS', 'ON', 'ENERGY', 'SYSTEM', 'Ukrainian', 'officials', 'said', 'Russia', 'launched', '450', 'drones', 'and', 'over', '70', 'missiles', 'in', 'strikes', 'that', 'wounded', 'at', 'least', '12', 'people', 'and', 'struck', 'apartment', 'blocks', 'and', 'energy', 'infrastructure', 'as', 'temperatures', 'hovered', 'around', '20', 'Celsius', '(', '4', 'Fahrenheit', ')', '.']","['B-LOC', 'O', 'O', 'B-LOC', 'I-LOC', 'B-NORP', 'O', 'O', 'B-LOC', 'I-LOC', 'B-CARDINAL', 'B-LOC', 'O', 'B-LOC', 'B-CARDINAL', 'B-LOC', 'B-NORP', 'B-LOC', 'O', 'B-LOC', 'O', 'B-LOC', 'B-CARDINAL', 'B-LOC', 'O', 'O', 'B-LOC', 'O', 'O', 'B-LOC', 'I-LOC', 'O', 'B-LOC', 'I-LOC', 'O', 'B-CARDINAL', 'B-NORP', 'O', 'B-CARDINAL', 'B-LOC', 'O', 'O']"
An early evening strike on Tuesday in the southeastern city of Zaporizhzhia killed two 18-year-olds and injured nine people.,"['An', 'early', 'evening', 'strike', 'on', 'Tuesday', 'in', 'the', 'southeastern', 'city', 'of', 'Zaporizhzhia', 'killed', 'two', '18', 'year', 'olds', 'and', 'injured', 'nine', 'people', '.']","['O', 'O', 'O', 'O', 'O', 'O', 'O', 'O', 'O', 'O', 'O', 'B-LOC', 'O', 'O', 'B-CARDINAL', 'O', 'O', 'O', 'O', 'O', 'O', 'O']"
"Deputy Prime Minister Oleksiy Kuleba said 1,142 apartment buildings in Kyiv remained without heating and officials in Kharkiv, Ukraine's second-largest city, said 270,000 residents were in unheated apartments.","['Deputy', 'Prime', 'Minister', 'Oleksiy', 'Kuleba', 'said', '1', ',', '142', 'apartment', 'buildings', 'in', 'Kyiv', 'remained', 'without', 'heating', 'and', 'officials', 'in', 'Kharkiv', ',', ""Ukraine's"", 'second', 'largest', 'city', ',', 'said', '270', ',', '000', 'residents', 'were', 'in', 'unheated', 'apartments', '.']","['O', 'O', 'O', 'B-PERSON', 'I-PERSON', 'O', 'B-CARDINAL', 'O', 'B-CARDINAL', 'O', 'O', 'B-LOC', 'I-LOC', 'O', 'O', 'O', 'O', 'O', 'B-LOC', 'I-LOC', 'O', 'B-LOC', 'O', 'O', 'O', 'O', 'O', 'B-CARDINAL', 'O', 'B-CARDINAL', 'O', 'O', 'B-LOC', 'O', 'O', 'O']"
"""The goal is obvious: to cause maximum destruction and leave the city without heat in severe cold,"" Kharkiv Mayor Ihor Terekhov wrote on Telegram, adding that a thermal plant in the city had been badly damaged.","['""', 'The', 'goal', 'is', 'obvious', ':', 'to', 'cause', 'maximum', 'destruction', 'and', 'leave', 'the', 'city', 'without', 'heat', 'in', 'severe', 'cold', ',', '""', 'Kharkiv', 'Mayor', 'Ihor', 'Terekhov', 'wrote', 'on', 'Telegram', ',', 'adding', 'that', 'a', 'thermal', 'plant', 'in', 'the', 'city', 'had', 'been', 'badly', 'damaged', '.']","['O', 'O', 'O', 'B-PERSON', 'I-PERSON', 'O', 'O', 'O', 'B-PERSON', 'I-PERSON', 'O', 'O', 'O', 'B-PERSON', 'I-PERSON', 'O', 'B-PERSON', 'O', 'O', 'O', 'O', 'B-PERSON', 'O', 'B-PERSON', 'I-PERSON', 'O', 'O', 'B-ORG', 'O', 'B-PERSON', 'O', 'B-ORG', 'O', 'O', 'B-PERSON', 'O', 'B-PERSON', 'O', 'O', 'O', 'O', 'O']"
Energy Minister Denys Shmyhal said a power plant in Kyiv's eastern suburbs had also been seriously damaged and officials were considering how to redirect resources to restore heating.,"['Energy', 'Minister', 'Denys', 'Shmyhal', 'said', 'a', 'power', 'plant', 'in', ""Kyiv's"", 'eastern', 'suburbs', 'had', 'also', 'been', 'seriously', 'damaged', 'and', 'officials', 'were', 'considering', 'how', 'to', 'redirect', 'resources', 'to', 'restore', 'heating', '.']","['O', 'O', 'B-PERSON', 'I-PERSON', 'O', 'B-PERSON', 'O', 'O', 'O', 'B-LOC', 'O', 'O', 'O', 'O', 'O', 'O', 'O', 'O', 'O', 'O', 'O', 'O', 'O', 'O', 'O', 'O', 'O', 'O', 'O']"
"Russia and Ukraine said last week they had halted strikes on each other's energy infrastructure, but they disagreed on the timeframe for the moratorium.","['Russia', 'and', 'Ukraine', 'said', 'last', 'week', 'they', 'had', 'halted', 'strikes', 'on', 'each', ""other's"", 'energy', 'infrastructure', ',', 'but', 'they', 'disagreed', 'on', 'the', 'timeframe', 'for', 'the', 'moratorium', '.']","['B-LOC', 'O', 'B-LOC', 'O', 'O', 'O', 'O', 'O', 'O', 'O', 'O', 'O', 'O', 'O', 'O', 'O', 'O', 'O', 'O', 'O', 'O', 'O', 'O', 'O', 'O', 'O']"
Much of Ukraine has been gripped by a new wave of cold after what experts said was the coldest January in six years.,"['Much', 'of', 'Ukraine', 'has', 'been', 'gripped', 'by', 'a', 'new', 'wave', 'of', 'cold', 'after', 'what', 'experts', 'said', 'was', 'the', 'coldest', 'January', 'in', 'six', 'years', '.']","['O', 'O', 'B-LOC', 'O', 'O', 'O', 'O', 'B-LOC', 'O', 'O', 'O', 'O', 'O', 'O', 'O', 'O', 'O', 'O', 'O', 'O', 'B-LOC', 'O', 'O', 'O']"
Families languish in frigid and darkened apartments during power outages and cuts to heating that last hours and days.,"['Families', 'languish', 'in', 'frigid', 'and', 'darkened', 'apartments', 'during', 'power', 'outages', 'and', 'cuts', 'to', 'heating', 'that', 'last', 'hours', 'and', 'days', '.']","['O', 'O', 'O', 'O', 'O', 'O', 'O', 'O', 'O', 'O', 'O', 'O', 'O', 'O', 'O', 'O', 'O', 'O', 'O', 'O']"
"Kyiv resident Natalia Hlobenko, 35, described how she rushed to cover her 11-year-old son just on Tuesday before an explosion sprayed her apartment with broken glass.","['Kyiv', 'resident', 'Natalia', 'Hlobenko', ',', '35', ',', 'described', 'how', 'she', 'rushed', 'to', 'cover', 'her', '11', 'year', 'old', 'son', 'just', 'on', 'Tuesday', 'before', 'an', 'explosion', 'sprayed', 'her', 'apartment', 'with', 'broken', 'glass', '.']","['B-LOC', 'O', 'B-PERSON', 'I-PERSON', 'O', 'B-CARDINAL', 'O', 'O', 'O', 'O', 'O', 'O', 'O', 'O', 'B-CARDINAL', 'O', 'O', 'O', 'O', 'O', 'O', 'O', 'O', 'O', 'O', 'O', 'O', 'O', 'O', 'O', 'O']"
"said a teary Hlobenko, bundled in her windowless apartment.","['said', 'a', 'teary', 'Hlobenko', ',', 'bundled', 'in', 'her', 'windowless', 'apartment', '.']","['O', 'O', 'O', 'B-PERSON', 'O', 'O', 'O', 'B-PERSON', 'O', 'O', 'O']"
"STICKING POINT REMAINS IN TALKS  Zelenskiy has previously said Ukraine, which is struggling to stop grinding Russian battlefield advances, was ready for ""substantive"" talks.","['STICKING', 'POINT', 'REMAINS', 'IN', 'TALKS', 'Zelenskiy', 'has', 'previously', 'said', 'Ukraine', ',', 'which', 'is', 'struggling', 'to', 'stop', 'grinding', 'Russian', 'battlefield', 'advances', ',', 'was', 'ready', 'for', '""', 'substantive', '""', 'talks', '.']","['O', 'O', 'O', 'B-LOC', 'O', 'B-PERSON', 'O', 'O', 'O', 'B-LOC', 'O', 'O', 'O', 'O', 'O', 'O', 'O', 'B-NORP', 'O', 'O', 'O', 'O', 'O', 'O', 'O', 'O', 'O', 'O', 'O']"
Moscow and Kyiv blame each other for the failure to agree a peace deal.,"['Moscow', 'and', 'Kyiv', 'blame', 'each', 'other', 'for', 'the', 'failure', 'to', 'agree', 'a', 'peace', 'deal', '.']","['B-LOC', 'O', 'B-LOC', 'O', 'O', 'O', 'O', 'O', 'O', 'O', 'O', 'O', 'O', 'O', 'O']"
"Territory remains the main sticking point, with Ukraine resisting Russia's demands that it cede the remaining 20% of the eastern region of Donetsk that Moscow has been unable to conquer since its 2022 invasion.","['Territory', 'remains', 'the', 'main', 'sticking', 'point', ',', 'with', 'Ukraine', 'resisting', ""Russia's"", 'demands', 'that', 'it', 'cede', 'the', 'remaining', '20', 'of', 'the', 'eastern', 'region', 'of', 'Donetsk', 'that', 'Moscow', 'has', 'been', 'unable', 'to', 'conquer', 'since', 'its', '2022', 'invasion', '.']","['O', 'O', 'O', 'O', 'O', 'O', 'O', 'O', 'B-LOC', 'O', 'B-LOC', 'O', 'O', 'O', 'O', 'O', 'O', 'B-CARDINAL', 'O', 'O', 'O', 'O', 'O', 'B-LOC', 'O', 'B-LOC', 'O', 'O', 'O', 'O', 'O', 'O', 'O', 'B-DATE', 'O', 'O']"
"Ukraine's lead negotiator said Ukrainian officials would first hold bilateral talks with U.S. officials in Abu Dhabi to discuss U.S. security guarantees for any peace deal and a post-war reconstruction package, and later hold a trilateral meeting involving Russian negotiators.","[""Ukraine's"", 'lead', 'negotiator', 'said', 'Ukrainian', 'officials', 'would', 'first', 'hold', 'bilateral', 'talks', 'with', 'U', '.', 'S', '.', 'officials', 'in', 'Abu', 'Dhabi', 'to', 'discuss', 'U', '.', 'S', '.', 'security', 'guarantees', 'for', 'any', 'peace', 'deal', 'and', 'a', 'post', 'war', 'reconstruction', 'package', ',', 'and', 'later', 'hold', 'a', 'trilateral', 'meeting', 'involving', 'Russian', 'negotiators', '.']","['B-LOC', 'O', 'O', 'O', 'B-NORP', 'O', 'O', 'O', 'O', 'O', 'O', 'O', 'B-NORP', 'B-LOC', 'B-NORP', 'B-LOC', 'O', 'B-NORP', 'B-LOC', 'I-LOC', 'O', 'O', 'B-NORP', 'B-LOC', 'B-NORP', 'B-LOC', 'O', 'O', 'O', 'O', 'O', 'O', 'O', 'B-NORP', 'O', 'O', 'O', 'O', 'O', 'O', 'O', 'O', 'B-NORP', 'O', 'O', 'O', 'B-NORP', 'O', 'B-LOC']"
"Summary  Companies  Palantir forecasts Q1, full-year 2026 revenue above LSEG estimates  Shares up 5% in extended trading  Palantir has safeguards in surveillance software to prevent government overreach - CEO  Positive results but valuation concerns remain - analyst  Feb 2 (Reuters) - Palantir Technologies (PLTR.O), opens new tab CEO Alex Karp defended the firm's surveillance technology as it reported a big jump in sales on Monday, saying it has safeguards to prevent government overreach, without mentioning U.S. immigration enforcement efforts in Minnesota that have drawn widespread protests, opens new tab.","['Summary', 'Companies', 'Palantir', 'forecasts', 'Q1', ',', 'full', 'year', '2026', 'revenue', 'above', 'LSEG', 'estimates', 'Shares', 'up', '5', 'in', 'extended', 'trading', 'Palantir', 'has', 'safeguards', 'in', 'surveillance', 'software', 'to', 'prevent', 'government', 'overreach', 'CEO', 'Positive', 'results', 'but', 'valuation', 'concerns', 'remain', 'analyst', 'Feb', '2', '(', 'Reuters', ')', 'Palantir', 'Technologies', '(', 'PLTR', '.', 'O', ')', ',', 'opens', 'new', 'tab', 'CEO', 'Alex', 'Karp', 'defended', 'the', ""firm's"", 'surveillance', 'technology', 'as', 'it', 'reported', 'a', 'big', 'jump', 'in', 'sales', 'on', 'Monday', ',', 'saying', 'it', 'has', 'safeguards', 'to', 'prevent', 'government', 'overreach', ',', 'without', 'mentioning', 'U', '.', 'S', '.', 'immigration', 'enforcement', 'efforts', 'in', 'Minnesota', 'that', 'have', 'drawn', 'widespread', 'protests', ',', 'opens', 'new', 'tab', '.']","['O', 'B-ORG', 'I-ORG', 'I-ORG', 'O', 'O', 'O', 'O', 'B-DATE', 'O', 'B-ORG', 'I-ORG', 'O', 'O', 'B-ORG', 'B-CARDINAL', 'B-LOC', 'O', 'O', 'B-ORG', 'O', 'O', 'B-LOC', 'O', 'B-ORG', 'I-ORG', 'I-ORG', 'I-ORG', 'I-ORG', 'I-ORG', 'I-ORG', 'O', 'O', 'B-ORG', 'I-ORG', 'O', 'O', 'O', 'B-CARDINAL', 'O', 'B-ORG', 'O', 'B-ORG', 'I-ORG', 'O', 'B-ORG', 'B-LOC', 'I-LOC', 'O', 'O', 'B-ORG', 'O', 'O', 'B-ORG', 'B-PERSON', 'I-PERSON', 'O', 'O', 'O', 'O', 'B-ORG', 'O', 'O', 'B-ORG', 'B-LOC', 'O', 'B-ORG', 'B-LOC', 'O', 'B-ORG', 'I-ORG', 'O', 'O', 'O', 'O', 'O', 'B-ORG', 'I-ORG', 'I-ORG', 'I-ORG', 'O', 'B-ORG', 'I-ORG', 'B-LOC', 'I-LOC', 'I-LOC', 'I-LOC', 'B-ORG', 'I-ORG', 'I-ORG', 'B-LOC', 'I-LOC', 'O', 'O', 'O', 'B-ORG', 'I-ORG', 'O', 'B-ORG', 'O', 'O', 'B-LOC']"
The data analytics company said revenue derived from the U.S. government spiked 66% in the fourth quarter from the year-ago period to $570 million.,"['The', 'data', 'analytics', 'company', 'said', 'revenue', 'derived', 'from', 'the', 'U', '.', 'S', '.', 'government', 'spiked', '66', 'in', 'the', 'fourth', 'quarter', 'from', 'the', 'year', 'ago', 'period', 'to', '570', 'million', '.']","['O', 'O', 'O', 'O', 'O', 'O', 'O', 'O', 'O', 'B-LOC', 'I-LOC', 'I-LOC', 'I-LOC', 'O', 'O', 'B-CARDINAL', 'O', 'O', 'O', 'O', 'O', 'O', 'O', 'O', 'O', 'O', 'B-CARDINAL', 'O', 'B-LOC']"
"Total sales of $1.41 billion exceeded analysts' estimates and the firm anticipates a big jump in sales, in part due to government contracts in 2026.","['Total', 'sales', 'of', '1', '.', '41', 'billion', 'exceeded', ""analysts'"", 'estimates', 'and', 'the', 'firm', 'anticipates', 'a', 'big', 'jump', 'in', 'sales', ',', 'in', 'part', 'due', 'to', 'government', 'contracts', 'in', '2026', '.']","['O', 'O', 'O', 'B-CARDINAL', 'O', 'B-CARDINAL', 'O', 'O', 'O', 'O', 'O', 'O', 'O', 'O', 'O', 'O', 'O', 'O', 'O', 'O', 'O', 'O', 'O', 'O', 'O', 'O', 'O', 'B-DATE', 'O']"
Shares in the company jumped around 5% in extended trading and its Frankfurt-listed stock was up nearly 12% in thin trading early on Tuesday.,"['Shares', 'in', 'the', 'company', 'jumped', 'around', '5', 'in', 'extended', 'trading', 'and', 'its', 'Frankfurt', 'listed', 'stock', 'was', 'up', 'nearly', '12', 'in', 'thin', 'trading', 'early', 'on', 'Tuesday', '.']","['O', 'O', 'O', 'O', 'O', 'O', 'B-CARDINAL', 'O', 'O', 'O', 'O', 'O', 'B-NORP', 'O', 'O', 'O', 'O', 'O', 'B-CARDINAL', 'O', 'O', 'O', 'O', 'O', 'O', 'O']"
Companies working with U.S. Immigration and Customs Enforcement (ICE) are attracting more scrutiny as Americans have turned solidly against ICE's aggressive tactics following the fatal shootings of two U.S. citizens in separate incidents in January.,"['Companies', 'working', 'with', 'U', '.', 'S', '.', 'Immigration', 'and', 'Customs', 'Enforcement', '(', 'ICE', ')', 'are', 'attracting', 'more', 'scrutiny', 'as', 'Americans', 'have', 'turned', 'solidly', 'against', ""ICE's"", 'aggressive', 'tactics', 'following', 'the', 'fatal', 'shootings', 'of', 'two', 'U', '.', 'S', '.', 'citizens', 'in', 'separate', 'incidents', 'in', 'January', '.']","['O', 'O', 'O', 'B-LOC', 'I-LOC', 'I-LOC', 'I-LOC', 'B-ORG', 'I-ORG', 'I-ORG', 'I-ORG', 'O', 'B-ORG', 'O', 'O', 'O', 'O', 'B-ORG', 'O', 'B-NORP', 'O', 'B-ORG', 'O', 'O', 'B-ORG', 'O', 'O', 'O', 'O', 'O', 'O', 'O', 'O', 'B-LOC', 'I-LOC', 'I-LOC', 'I-LOC', 'O', 'O', 'O', 'O', 'O', 'B-ORG', 'B-LOC']"
The company won a contract last year with ICE to develop surveillance systems for immigration enforcement.,"['The', 'company', 'won', 'a', 'contract', 'last', 'year', 'with', 'ICE', 'to', 'develop', 'surveillance', 'systems', 'for', 'immigration', 'enforcement', '.']","['O', 'O', 'O', 'O', 'O', 'O', 'O', 'O', 'B-ORG', 'O', 'O', 'O', 'O', 'O', 'O', 'O', 'O']"
"Over the weekend, France's CapGemini (CAPP.PA), opens new tab said it would sell a small U.S. unit that has a contract with ICE after criticism from French lawmakers and others.","['Over', 'the', 'weekend', ',', ""France's"", 'CapGemini', '(', 'CAPP', '.', 'PA', ')', ',', 'opens', 'new', 'tab', 'said', 'it', 'would', 'sell', 'a', 'small', 'U', '.', 'S', '.', 'unit', 'that', 'has', 'a', 'contract', 'with', 'ICE', 'after', 'criticism', 'from', 'French', 'lawmakers', 'and', 'others', '.']","['O', 'O', 'O', 'O', 'B-LOC', 'B-ORG', 'O', 'B-ORG', 'B-LOC', 'B-ORG', 'O', 'O', 'O', 'O', 'O', 'O', 'O', 'O', 'O', 'B-ORG', 'O', 'B-LOC', 'I-LOC', 'I-LOC', 'I-LOC', 'O', 'O', 'O', 'B-ORG', 'O', 'O', 'B-ORG', 'O', 'O', 'O', 'B-NORP', 'O', 'O', 'O', 'B-LOC']"
"In a post-earnings call, Karp said the company was ""supporting in a critical manner, some of the most interesting, intricate, unusual operations that the U.S. government has been involved in"", but did not specify which government programs Palantir was engaged in.","['In', 'a', 'post', 'earnings', 'call', ',', 'Karp', 'said', 'the', 'company', 'was', '""', 'supporting', 'in', 'a', 'critical', 'manner', ',', 'some', 'of', 'the', 'most', 'interesting', ',', 'intricate', ',', 'unusual', 'operations', 'that', 'the', 'U', '.', 'S', '.', 'government', 'has', 'been', 'involved', 'in', '""', ',', 'but', 'did', 'not', 'specify', 'which', 'government', 'programs', 'Palantir', 'was', 'engaged', 'in', '.']","['O', 'B-ORG', 'O', 'O', 'O', 'O', 'B-PERSON', 'O', 'O', 'O', 'O', 'O', 'O', 'O', 'B-ORG', 'O', 'O', 'O', 'O', 'O', 'O', 'O', 'O', 'O', 'O', 'O', 'O', 'O', 'O', 'O', 'B-LOC', 'I-LOC', 'I-LOC', 'I-LOC', 'O', 'O', 'O', 'O', 'O', 'O', 'O', 'O', 'O', 'O', 'O', 'O', 'O', 'O', 'B-ORG', 'O', 'O', 'O', 'B-LOC']"
Denver-based Palantir has increasingly been marketing military-grade AI tools to businesses through its artificial intelligence platform that helps companies integrate and develop the technology.,"['Denver', 'based', 'Palantir', 'has', 'increasingly', 'been', 'marketing', 'military', 'grade', 'AI', 'tools', 'to', 'businesses', 'through', 'its', 'artificial', 'intelligence', 'platform', 'that', 'helps', 'companies', 'integrate', 'and', 'develop', 'the', 'technology', '.']","['O', 'O', 'B-ORG', 'O', 'O', 'O', 'O', 'O', 'O', 'B-NORP', 'O', 'O', 'O', 'O', 'O', 'O', 'O', 'O', 'O', 'O', 'O', 'O', 'O', 'O', 'O', 'O', 'O']"
"It has emerged as one of the best-performing AI stocks, with shares gaining 1,700% over the last three years.","['It', 'has', 'emerged', 'as', 'one', 'of', 'the', 'best', 'performing', 'AI', 'stocks', ',', 'with', 'shares', 'gaining', '1', ',', '700', 'over', 'the', 'last', 'three', 'years', '.']","['O', 'O', 'O', 'O', 'O', 'O', 'O', 'O', 'O', 'B-NORP', 'O', 'O', 'O', 'O', 'B-NORP', 'B-CARDINAL', 'O', 'B-CARDINAL', 'O', 'O', 'O', 'O', 'O', 'O']"
"""It should indeed be uncontroversial that the single most effective means of guarding against incursions into our private lives is to invest in the development of a technical platform that makes possible constraints on government action and investigation through granular permissioning capabilities,"" Karp said in a letter to shareholders.","['""', 'It', 'should', 'indeed', 'be', 'uncontroversial', 'that', 'the', 'single', 'most', 'effective', 'means', 'of', 'guarding', 'against', 'incursions', 'into', 'our', 'private', 'lives', 'is', 'to', 'invest', 'in', 'the', 'development', 'of', 'a', 'technical', 'platform', 'that', 'makes', 'possible', 'constraints', 'on', 'government', 'action', 'and', 'investigation', 'through', 'granular', 'permissioning', 'capabilities', ',', '""', 'Karp', 'said', 'in', 'a', 'letter', 'to', 'shareholders', '.']","['O', 'O', 'O', 'O', 'O', 'O', 'O', 'O', 'O', 'O', 'O', 'O', 'O', 'O', 'O', 'O', 'O', 'O', 'O', 'O', 'O', 'O', 'O', 'O', 'O', 'O', 'O', 'B-PERSON', 'O', 'O', 'O', 'O', 'O', 'O', 'O', 'O', 'O', 'O', 'O', 'O', 'O', 'O', 'O', 'O', 'O', 'B-PERSON', 'O', 'O', 'B-PERSON', 'O', 'O', 'O', 'O']"
"He said the company's tech ensures that the ""state and its agents can see only what ought to be seen, and functional audit logs, to ensnare both external and internal threats"".","['He', 'said', 'the', ""company's"", 'tech', 'ensures', 'that', 'the', '""', 'state', 'and', 'its', 'agents', 'can', 'see', 'only', 'what', 'ought', 'to', 'be', 'seen', ',', 'and', 'functional', 'audit', 'logs', ',', 'to', 'ensnare', 'both', 'external', 'and', 'internal', 'threats', '""', '.']","['O', 'O', 'O', 'O', 'O', 'O', 'O', 'O', 'O', 'O', 'O', 'O', 'O', 'O', 'O', 'O', 'O', 'O', 'O', 'O', 'O', 'O', 'O', 'O', 'O', 'O', 'O', 'O', 'O', 'O', 'O', 'O', 'O', 'O', 'O', 'O']"
"Still, its shares are down more than 15% so far this year as Wall Street questions Palantir's sky-high valuation, with a 12-month-forward price-to-earnings ratio of 140.5.","['Still', ',', 'its', 'shares', 'are', 'down', 'more', 'than', '15', 'so', 'far', 'this', 'year', 'as', 'Wall', 'Street', 'questions', ""Palantir's"", 'sky', 'high', 'valuation', ',', 'with', 'a', '12', 'month', 'forward', 'price', 'to', 'earnings', 'ratio', 'of', '140', '.', '5', '.']","['O', 'O', 'O', 'O', 'O', 'O', 'O', 'O', 'B-CARDINAL', 'O', 'O', 'O', 'O', 'O', 'B-LOC', 'I-LOC', 'O', 'B-ORG', 'O', 'O', 'O', 'O', 'O', 'B-ORG', 'B-CARDINAL', 'O', 'O', 'O', 'O', 'O', 'O', 'O', 'B-CARDINAL', 'O', 'B-CARDINAL', 'O']"
"""Valuation question marks won't disappear,"" said eToro analyst Zavier Wong.","['""', 'Valuation', 'question', 'marks', ""won't"", 'disappear', ',', '""', 'said', 'eToro', 'analyst', 'Zavier', 'Wong', '.']","['O', 'O', 'O', 'O', 'O', 'O', 'O', 'O', 'O', 'B-ORG', 'O', 'B-PERSON', 'I-PERSON', 'O']"
"""Palantir remains priced for perfection, which means it will need to continue executing in future quarters.""","['""', 'Palantir', 'remains', 'priced', 'for', 'perfection', ',', 'which', 'means', 'it', 'will', 'need', 'to', 'continue', 'executing', 'in', 'future', 'quarters', '.', '""']","['O', 'B-ORG', 'O', 'O', 'O', 'O', 'O', 'O', 'O', 'O', 'O', 'O', 'O', 'O', 'O', 'O', 'O', 'O', 'O', 'O']"
"BIG REVENUE JUMP EXPECTED  The company, founded by tech billionaire Peter Thiel, with the CIA as one of its early backers, has boosted its sales with a litany of government contracts.","['BIG', 'REVENUE', 'JUMP', 'EXPECTED', 'The', 'company', ',', 'founded', 'by', 'tech', 'billionaire', 'Peter', 'Thiel', ',', 'with', 'the', 'CIA', 'as', 'one', 'of', 'its', 'early', 'backers', ',', 'has', 'boosted', 'its', 'sales', 'with', 'a', 'litany', 'of', 'government', 'contracts', '.']","['O', 'O', 'O', 'O', 'O', 'O', 'O', 'O', 'O', 'O', 'O', 'B-PERSON', 'I-PERSON', 'O', 'O', 'O', 'B-ORG', 'O', 'O', 'O', 'O', 'O', 'O', 'O', 'O', 'O', 'O', 'O', 'O', 'B-ORG', 'O', 'O', 'O', 'O', 'O']"
"It expects revenue between $7.18 billion and $7.20 billion in 2026, which would be more than a 60% increase from 2025.","['It', 'expects', 'revenue', 'between', '7', '.', '18', 'billion', 'and', '7', '.', '20', 'billion', 'in', '2026', ',', 'which', 'would', 'be', 'more', 'than', 'a', '60', 'increase', 'from', '2025', '.']","['O', 'O', 'O', 'O', 'B-CARDINAL', 'O', 'B-CARDINAL', 'O', 'O', 'B-CARDINAL', 'O', 'B-CARDINAL', 'O', 'O', 'B-DATE', 'O', 'O', 'O', 'O', 'O', 'O', 'O', 'B-CARDINAL', 'O', 'O', 'B-DATE', 'O']"
"Thiel was an early backer of President Donald Trump and has close ties with key Washington lawmakers, including Vice President JD Vance, whom he supported in a 2022 U.S. Senate race.","['Thiel', 'was', 'an', 'early', 'backer', 'of', 'President', 'Donald', 'Trump', 'and', 'has', 'close', 'ties', 'with', 'key', 'Washington', 'lawmakers', ',', 'including', 'Vice', 'President', 'JD', 'Vance', ',', 'whom', 'he', 'supported', 'in', 'a', '2022', 'U', '.', 'S', '.', 'Senate', 'race', '.']","['B-PERSON', 'B-LOC', 'B-PERSON', 'O', 'O', 'O', 'B-PERSON', 'I-PERSON', 'I-PERSON', 'O', 'O', 'O', 'B-PERSON', 'I-PERSON', 'O', 'B-LOC', 'O', 'O', 'O', 'O', 'B-PERSON', 'I-PERSON', 'I-PERSON', 'O', 'O', 'O', 'B-PERSON', 'B-LOC', 'B-ORG', 'B-DATE', 'B-LOC', 'I-LOC', 'B-ORG', 'B-LOC', 'B-ORG', 'O', 'B-LOC']"
"Palantir won a $30 million contract, opens new tab from the U.S. Immigration and Customs Enforcement in April to develop a system, opens new tab that identifies undocumented immigrants and tracks self-deportations, which as of June 3, was its largest single award from the agency among 46 federal contract actions since 2011.","['Palantir', 'won', 'a', '30', 'million', 'contract', ',', 'opens', 'new', 'tab', 'from', 'the', 'U', '.', 'S', '.', 'Immigration', 'and', 'Customs', 'Enforcement', 'in', 'April', 'to', 'develop', 'a', 'system', ',', 'opens', 'new', 'tab', 'that', 'identifies', 'undocumented', 'immigrants', 'and', 'tracks', 'self', 'deportations', ',', 'which', 'as', 'of', 'June', '3', ',', 'was', 'its', 'largest', 'single', 'award', 'from', 'the', 'agency', 'among', '46', 'federal', 'contract', 'actions', 'since', '2011', '.']","['B-ORG', 'O', 'B-ORG', 'B-CARDINAL', 'O', 'O', 'O', 'O', 'O', 'O', 'O', 'O', 'B-ORG', 'I-ORG', 'I-ORG', 'I-ORG', 'I-ORG', 'I-ORG', 'I-ORG', 'I-ORG', 'O', 'O', 'B-ORG', 'O', 'B-ORG', 'O', 'O', 'O', 'O', 'O', 'O', 'O', 'O', 'O', 'B-ORG', 'O', 'O', 'O', 'O', 'O', 'O', 'O', 'O', 'B-CARDINAL', 'O', 'O', 'O', 'O', 'O', 'O', 'O', 'O', 'O', 'O', 'B-CARDINAL', 'O', 'O', 'O', 'O', 'B-DATE', 'B-ORG']"
"""Freedom from unwarranted government surveillance... requires the construction of a technical system that is built to make possible oversight of its own use and limit, not expand, the material and information subject to access,"" Karp said.","['""', 'Freedom', 'from', 'unwarranted', 'government', 'surveillance', '.', '.', '.', 'requires', 'the', 'construction', 'of', 'a', 'technical', 'system', 'that', 'is', 'built', 'to', 'make', 'possible', 'oversight', 'of', 'its', 'own', 'use', 'and', 'limit', ',', 'not', 'expand', ',', 'the', 'material', 'and', 'information', 'subject', 'to', 'access', ',', '""', 'Karp', 'said', '.']","['O', 'O', 'O', 'O', 'O', 'O', 'O', 'O', 'O', 'O', 'O', 'O', 'O', 'B-PERSON', 'O', 'O', 'O', 'O', 'O', 'O', 'O', 'O', 'O', 'O', 'O', 'O', 'O', 'O', 'O', 'O', 'O', 'O', 'O', 'O', 'O', 'O', 'O', 'O', 'O', 'O', 'O', 'O', 'B-PERSON', 'O', 'O']"
"Palantir forecast first-quarter sales between $1.53 billion and $1.54 billion, above an estimate of $1.32 billion, according to data compiled by LSEG.","['Palantir', 'forecast', 'first', 'quarter', 'sales', 'between', '1', '.', '53', 'billion', 'and', '1', '.', '54', 'billion', ',', 'above', 'an', 'estimate', 'of', '1', '.', '32', 'billion', ',', 'according', 'to', 'data', 'compiled', 'by', 'LSEG', '.']","['B-ORG', 'O', 'O', 'O', 'O', 'O', 'B-CARDINAL', 'O', 'B-CARDINAL', 'O', 'O', 'B-CARDINAL', 'O', 'B-CARDINAL', 'O', 'O', 'O', 'B-ORG', 'O', 'O', 'B-CARDINAL', 'O', 'B-CARDINAL', 'O', 'O', 'O', 'O', 'O', 'O', 'O', 'B-ORG', 'O']"
"Sales to U.S. businesses in 2026 are expected to grow at least 115% to more than $3.14 billion, accelerating from 109% growth in 2025.","['Sales', 'to', 'U', '.', 'S', '.', 'businesses', 'in', '2026', 'are', 'expected', 'to', 'grow', 'at', 'least', '115', 'to', 'more', 'than', '3', '.', '14', 'billion', ',', 'accelerating', 'from', '109', 'growth', 'in', '2025', '.']","['O', 'O', 'B-LOC', 'I-LOC', 'I-LOC', 'I-LOC', 'O', 'O', 'B-DATE', 'O', 'O', 'O', 'O', 'O', 'O', 'B-CARDINAL', 'O', 'O', 'O', 'B-CARDINAL', 'B-LOC', 'B-CARDINAL', 'O', 'O', 'O', 'O', 'B-CARDINAL', 'O', 'O', 'B-DATE', 'B-LOC']"
"ABOARD AIR FORCE ONE, Jan 31 (Reuters) - U.S. President Donald Trump on Saturday said the United States would respond in a significant way if Canada proceeds with the trade agreement that it negotiated with China.","['ABOARD', 'AIR', 'FORCE', 'ONE', ',', 'Jan', '31', '(', 'Reuters', ')', 'U', '.', 'S', '.', 'President', 'Donald', 'Trump', 'on', 'Saturday', 'said', 'the', 'United', 'States', 'would', 'respond', 'in', 'a', 'significant', 'way', 'if', 'Canada', 'proceeds', 'with', 'the', 'trade', 'agreement', 'that', 'it', 'negotiated', 'with', 'China', '.']","['O', 'O', 'O', 'O', 'O', 'O', 'B-CARDINAL', 'O', 'B-ORG', 'O', 'B-LOC', 'I-LOC', 'I-LOC', 'I-LOC', 'O', 'B-PERSON', 'I-PERSON', 'I-PERSON', 'O', 'O', 'O', 'B-LOC', 'I-LOC', 'O', 'O', 'B-LOC', 'I-LOC', 'O', 'O', 'O', 'B-LOC', 'O', 'O', 'O', 'O', 'O', 'O', 'B-LOC', 'O', 'O', 'B-LOC', 'I-LOC']"
"""If they do a deal with China, yeah, we'll do something very substantial,"" Trump told reporters aboard Air Force One.","['""', 'If', 'they', 'do', 'a', 'deal', 'with', 'China', ',', 'yeah', ',', ""we'll"", 'do', 'something', 'very', 'substantial', ',', '""', 'Trump', 'told', 'reporters', 'aboard', 'Air', 'Force', 'One', '.']","['O', 'O', 'O', 'O', 'B-ORG', 'O', 'O', 'B-LOC', 'O', 'O', 'O', 'O', 'O', 'O', 'O', 'O', 'O', 'O', 'B-PERSON', 'O', 'O', 'O', 'B-ORG', 'I-ORG', 'I-ORG', 'O']"
"And if they make the deal that he's looking to make, China will take over Canada.""","['And', 'if', 'they', 'make', 'the', 'deal', 'that', ""he's"", 'looking', 'to', 'make', ',', 'China', 'will', 'take', 'over', 'Canada', '.', '""']","['O', 'O', 'O', 'O', 'O', 'O', 'O', 'O', 'O', 'O', 'O', 'O', 'B-LOC', 'O', 'O', 'O', 'B-LOC', 'O', 'O']"
Trump last week said he would impose a 100% tariffs on Canada if it follows through on a trade deal with China.,"['Trump', 'last', 'week', 'said', 'he', 'would', 'impose', 'a', '100', 'tariffs', 'on', 'Canada', 'if', 'it', 'follows', 'through', 'on', 'a', 'trade', 'deal', 'with', 'China', '.']","['B-PERSON', 'O', 'O', 'O', 'O', 'O', 'O', 'B-LOC', 'B-CARDINAL', 'O', 'O', 'B-LOC', 'O', 'O', 'O', 'O', 'O', 'B-LOC', 'O', 'O', 'O', 'B-LOC', 'O']"
"Summary  Companies  Refiners need time to complete ongoing Russian imports -sources  Shipments already booked would arrive in March, sources say  US wants India to shift to Venezuelan, US oil  NEW DELHI, Feb 3 (Reuters) - Indian refiners have not been told by the government to stop buying Russian oil and would need a wind-down period to complete purchases already in process, two refining sources said on Tuesday, following a trade deal with Washington.","['Summary', 'Companies', 'Refiners', 'need', 'time', 'to', 'complete', 'ongoing', 'Russian', 'imports', 'sources', 'Shipments', 'already', 'booked', 'would', 'arrive', 'in', 'March', ',', 'sources', 'say', 'US', 'wants', 'India', 'to', 'shift', 'to', 'Venezuelan', ',', 'US', 'oil', 'NEW', 'DELHI', ',', 'Feb', '3', '(', 'Reuters', ')', 'Indian', 'refiners', 'have', 'not', 'been', 'told', 'by', 'the', 'government', 'to', 'stop', 'buying', 'Russian', 'oil', 'and', 'would', 'need', 'a', 'wind', 'down', 'period', 'to', 'complete', 'purchases', 'already', 'in', 'process', ',', 'two', 'refining', 'sources', 'said', 'on', 'Tuesday', ',', 'following', 'a', 'trade', 'deal', 'with', 'Washington', '.']","['O', 'O', 'B-ORG', 'O', 'O', 'B-LOC', 'O', 'O', 'B-NORP', 'O', 'O', 'O', 'B-ORG', 'O', 'O', 'O', 'B-LOC', 'O', 'O', 'O', 'O', 'B-NORP', 'O', 'B-NORP', 'B-LOC', 'O', 'B-LOC', 'B-NORP', 'O', 'B-NORP', 'O', 'O', 'B-LOC', 'O', 'O', 'B-CARDINAL', 'O', 'B-ORG', 'O', 'B-NORP', 'B-ORG', 'O', 'O', 'O', 'O', 'O', 'O', 'O', 'B-LOC', 'O', 'O', 'B-NORP', 'O', 'O', 'O', 'O', 'B-LOC', 'O', 'O', 'O', 'B-LOC', 'O', 'O', 'B-ORG', 'B-LOC', 'O', 'O', 'O', 'B-ORG', 'O', 'O', 'B-LOC', 'O', 'O', 'O', 'B-LOC', 'I-LOC', 'I-LOC', 'O', 'B-LOC', 'O']"
"On Monday, U.S. President Donald Trump announced a trade agreement with Indian Prime Minister Narendra Modi that included halting oil purchases from Russia, but without details on how and when such purchases by India would end.","['On', 'Monday', ',', 'U', '.', 'S', '.', 'President', 'Donald', 'Trump', 'announced', 'a', 'trade', 'agreement', 'with', 'Indian', 'Prime', 'Minister', 'Narendra', 'Modi', 'that', 'included', 'halting', 'oil', 'purchases', 'from', 'Russia', ',', 'but', 'without', 'details', 'on', 'how', 'and', 'when', 'such', 'purchases', 'by', 'India', 'would', 'end', '.']","['B-PERSON', 'O', 'O', 'B-LOC', 'I-LOC', 'I-LOC', 'I-LOC', 'O', 'B-PERSON', 'I-PERSON', 'O', 'B-LOC', 'O', 'O', 'O', 'B-LOC', 'O', 'O', 'B-PERSON', 'I-PERSON', 'O', 'O', 'O', 'O', 'O', 'O', 'B-LOC', 'O', 'O', 'O', 'O', 'B-PERSON', 'O', 'O', 'O', 'O', 'O', 'O', 'B-LOC', 'O', 'B-PERSON', 'B-LOC']"
The Reuters Power Up newsletter provides everything you need to know about the global energy industry.,"['The', 'Reuters', 'Power', 'Up', 'newsletter', 'provides', 'everything', 'you', 'need', 'to', 'know', 'about', 'the', 'global', 'energy', 'industry', '.']","['O', 'B-ORG', 'I-ORG', 'I-ORG', 'O', 'O', 'O', 'O', 'O', 'O', 'O', 'O', 'O', 'O', 'O', 'O', 'O']"
"While India has slowed Russian oil purchases, refineries have already booked cargoes loading in February and arriving in March, the sources said, declining to be named as they were not authorised to speak with the media.","['While', 'India', 'has', 'slowed', 'Russian', 'oil', 'purchases', ',', 'refineries', 'have', 'already', 'booked', 'cargoes', 'loading', 'in', 'February', 'and', 'arriving', 'in', 'March', ',', 'the', 'sources', 'said', ',', 'declining', 'to', 'be', 'named', 'as', 'they', 'were', 'not', 'authorised', 'to', 'speak', 'with', 'the', 'media', '.']","['O', 'B-LOC', 'O', 'O', 'B-NORP', 'O', 'O', 'O', 'O', 'O', 'O', 'O', 'O', 'O', 'B-LOC', 'O', 'O', 'O', 'B-LOC', 'O', 'O', 'O', 'O', 'O', 'O', 'O', 'O', 'O', 'O', 'O', 'O', 'O', 'O', 'O', 'O', 'O', 'O', 'O', 'O', 'O']"
"Trump said the trade deal would slash U.S. tariffs on Indian goods to 18% from 50%, in exchange for India lowering trade barriers, ending Russian oil purchases and importing instead from the United States and potentially Venezuela.","['Trump', 'said', 'the', 'trade', 'deal', 'would', 'slash', 'U', '.', 'S', '.', 'tariffs', 'on', 'Indian', 'goods', 'to', '18', 'from', '50', ',', 'in', 'exchange', 'for', 'India', 'lowering', 'trade', 'barriers', ',', 'ending', 'Russian', 'oil', 'purchases', 'and', 'importing', 'instead', 'from', 'the', 'United', 'States', 'and', 'potentially', 'Venezuela', '.']","['B-PERSON', 'O', 'O', 'O', 'O', 'O', 'O', 'B-LOC', 'I-LOC', 'I-LOC', 'I-LOC', 'O', 'O', 'B-LOC', 'O', 'O', 'B-CARDINAL', 'O', 'B-CARDINAL', 'O', 'B-LOC', 'O', 'O', 'B-LOC', 'O', 'O', 'O', 'O', 'O', 'B-NORP', 'O', 'O', 'O', 'O', 'O', 'O', 'O', 'B-LOC', 'I-LOC', 'O', 'O', 'B-LOC', 'I-LOC']"
Modi welcomed the tariff reduction but made no mention of halting Russian oil purchases.,"['Modi', 'welcomed', 'the', 'tariff', 'reduction', 'but', 'made', 'no', 'mention', 'of', 'halting', 'Russian', 'oil', 'purchases', '.']","['B-PERSON', 'O', 'O', 'O', 'O', 'O', 'O', 'O', 'O', 'O', 'O', 'B-NORP', 'O', 'O', 'O']"
"COMPLETE HALT OF RUSSIAN IMPORTS 'WOULD HURT NAYARA'  India became the top buyer of discounted Russian seaborne crude after Moscow's war in Ukraine began in 2022, spurring a backlash from Western nations that had targeted Russia's energy sector with sanctions aimed at curtailing Moscow's revenue and making it harder to fund the war.","['COMPLETE', 'HALT', 'OF', 'RUSSIAN', 'IMPORTS', ""'WOULD"", 'HURT', ""NAYARA'"", 'India', 'became', 'the', 'top', 'buyer', 'of', 'discounted', 'Russian', 'seaborne', 'crude', 'after', ""Moscow's"", 'war', 'in', 'Ukraine', 'began', 'in', '2022', ',', 'spurring', 'a', 'backlash', 'from', 'Western', 'nations', 'that', 'had', 'targeted', ""Russia's"", 'energy', 'sector', 'with', 'sanctions', 'aimed', 'at', 'curtailing', ""Moscow's"", 'revenue', 'and', 'making', 'it', 'harder', 'to', 'fund', 'the', 'war', '.']","['O', 'O', 'O', 'B-LOC', 'B-NORP', 'O', 'B-NORP', 'B-LOC', 'I-LOC', 'O', 'O', 'O', 'B-NORP', 'O', 'B-LOC', 'I-LOC', 'I-LOC', 'B-NORP', 'I-NORP', 'B-LOC', 'B-NORP', 'B-LOC', 'I-LOC', 'I-LOC', 'I-LOC', 'B-DATE', 'O', 'B-LOC', 'I-LOC', 'O', 'B-NORP', 'I-NORP', 'B-LOC', 'O', 'O', 'B-NORP', 'B-LOC', 'I-LOC', 'B-NORP', 'O', 'B-LOC', 'O', 'O', 'B-LOC', 'I-LOC', 'I-LOC', 'I-LOC', 'I-LOC', 'O', 'B-NORP', 'O', 'B-LOC', 'O', 'B-NORP', 'O']"
"India will gradually cut Russian oil imports, a third source said on Tuesday, adding that a complete halt would hurt operations at Russia-backed Nayara Energy's 400,000-barrel-per-day refinery.","['India', 'will', 'gradually', 'cut', 'Russian', 'oil', 'imports', ',', 'a', 'third', 'source', 'said', 'on', 'Tuesday', ',', 'adding', 'that', 'a', 'complete', 'halt', 'would', 'hurt', 'operations', 'at', 'Russia', 'backed', 'Nayara', ""Energy's"", '400', ',', '000', 'barrel', 'per', 'day', 'refinery', '.']","['B-LOC', 'O', 'O', 'O', 'B-NORP', 'O', 'O', 'O', 'B-ORG', 'O', 'O', 'O', 'O', 'O', 'O', 'O', 'O', 'B-ORG', 'O', 'O', 'O', 'O', 'O', 'O', 'B-NORP', 'O', 'B-ORG', 'O', 'B-CARDINAL', 'O', 'B-CARDINAL', 'O', 'O', 'O', 'O', 'O']"
The plant has relied solely on Russian crude following European Union sanctions on the company last July.,"['The', 'plant', 'has', 'relied', 'solely', 'on', 'Russian', 'crude', 'following', 'European', 'Union', 'sanctions', 'on', 'the', 'company', 'last', 'July', '.']","['O', 'O', 'O', 'O', 'O', 'B-ORG', 'B-NORP', 'O', 'O', 'B-ORG', 'I-ORG', 'O', 'B-ORG', 'O', 'O', 'O', 'O', 'O']"
"However, Nayara is not planning to load Russian oil in April as it will be shutting its refinery for over a month for maintenance from April 10, the third source added.","['However', ',', 'Nayara', 'is', 'not', 'planning', 'to', 'load', 'Russian', 'oil', 'in', 'April', 'as', 'it', 'will', 'be', 'shutting', 'its', 'refinery', 'for', 'over', 'a', 'month', 'for', 'maintenance', 'from', 'April', '10', ',', 'the', 'third', 'source', 'added', '.']","['O', 'O', 'B-ORG', 'O', 'O', 'O', 'O', 'O', 'B-NORP', 'O', 'O', 'O', 'O', 'O', 'O', 'O', 'O', 'O', 'O', 'O', 'O', 'B-NORP', 'O', 'O', 'O', 'O', 'O', 'B-CARDINAL', 'O', 'O', 'O', 'O', 'O', 'O']"
"Two other refiners have paused new orders in recent days after booking volumes for February and March, industry sources said on Tuesday.","['Two', 'other', 'refiners', 'have', 'paused', 'new', 'orders', 'in', 'recent', 'days', 'after', 'booking', 'volumes', 'for', 'February', 'and', 'March', ',', 'industry', 'sources', 'said', 'on', 'Tuesday', '.']","['O', 'O', 'O', 'O', 'O', 'O', 'O', 'O', 'O', 'O', 'O', 'O', 'O', 'O', 'O', 'O', 'O', 'O', 'O', 'O', 'O', 'O', 'O', 'O']"
One of the sources said his company may delay lifting March cargoes into April to cap India’s overall Russian oil intake.,"['One', 'of', 'the', 'sources', 'said', 'his', 'company', 'may', 'delay', 'lifting', 'March', 'cargoes', 'into', 'April', 'to', 'cap', 'India', 's', 'overall', 'Russian', 'oil', 'intake', '.']","['O', 'O', 'O', 'O', 'O', 'O', 'O', 'O', 'O', 'O', 'O', 'O', 'O', 'O', 'O', 'O', 'B-LOC', 'B-NORP', 'O', 'B-NORP', 'O', 'O', 'O']"
"The sources, declining to be named as they were not authorised to speak to the media, said future purchases would depend on government guidance.","['The', 'sources', ',', 'declining', 'to', 'be', 'named', 'as', 'they', 'were', 'not', 'authorised', 'to', 'speak', 'to', 'the', 'media', ',', 'said', 'future', 'purchases', 'would', 'depend', 'on', 'government', 'guidance', '.']","['O', 'O', 'O', 'O', 'O', 'O', 'O', 'O', 'O', 'O', 'O', 'O', 'O', 'O', 'O', 'O', 'O', 'O', 'O', 'O', 'O', 'O', 'O', 'O', 'O', 'O', 'O']"
"PREPARING TO SCALE BACK RUSSIAN IMPORTS  Indian Oil Corp (IOC.NS), opens new tab, Bharat Petroleum Corp (BPCL.NS), opens new tab and Nayara have been regular buyers of Russian oil.","['PREPARING', 'TO', 'SCALE', 'BACK', 'RUSSIAN', 'IMPORTS', 'Indian', 'Oil', 'Corp', '(', 'IOC', '.', 'NS', ')', ',', 'opens', 'new', 'tab', ',', 'Bharat', 'Petroleum', 'Corp', '(', 'BPCL', '.', 'NS', ')', ',', 'opens', 'new', 'tab', 'and', 'Nayara', 'have', 'been', 'regular', 'buyers', 'of', 'Russian', 'oil', '.']","['B-ORG', 'O', 'O', 'B-ORG', 'B-NORP', 'B-ORG', 'I-ORG', 'I-ORG', 'I-ORG', 'O', 'B-ORG', 'I-ORG', 'I-ORG', 'O', 'O', 'O', 'O', 'B-ORG', 'O', 'B-ORG', 'I-ORG', 'I-ORG', 'O', 'B-ORG', 'I-ORG', 'I-ORG', 'O', 'O', 'O', 'O', 'B-ORG', 'O', 'B-ORG', 'O', 'B-ORG', 'B-NORP', 'B-ORG', 'O', 'B-NORP', 'B-ORG', 'I-ORG']"
"Reliance Industries (RELI.NS), opens new tab, which paused buying Russian oil for a month, will buy up to 150,000 barrels per day from February, a company executive said last week.","['Reliance', 'Industries', '(', 'RELI', '.', 'NS', ')', ',', 'opens', 'new', 'tab', ',', 'which', 'paused', 'buying', 'Russian', 'oil', 'for', 'a', 'month', ',', 'will', 'buy', 'up', 'to', '150', ',', '000', 'barrels', 'per', 'day', 'from', 'February', ',', 'a', 'company', 'executive', 'said', 'last', 'week', '.']","['B-ORG', 'I-ORG', 'O', 'B-ORG', 'I-ORG', 'I-ORG', 'O', 'O', 'O', 'O', 'O', 'O', 'O', 'O', 'O', 'B-NORP', 'O', 'B-ORG', 'B-NORP', 'O', 'O', 'O', 'O', 'O', 'O', 'B-CARDINAL', 'O', 'B-CARDINAL', 'B-ORG', 'I-ORG', 'O', 'B-ORG', 'I-ORG', 'O', 'B-NORP', 'O', 'O', 'O', 'O', 'O', 'B-ORG']"
The four companies and India's oil ministry did not respond to emails seeking comment.,"['The', 'four', 'companies', 'and', ""India's"", 'oil', 'ministry', 'did', 'not', 'respond', 'to', 'emails', 'seeking', 'comment', '.']","['O', 'O', 'O', 'O', 'B-LOC', 'O', 'O', 'O', 'O', 'O', 'O', 'O', 'O', 'O', 'O']"
"Last week, sources said that India was preparing to reduce Russian oil imports to below 1 million barrels per day, with one saying such imports eventually would total 500,000–600,000 bpd.","['Last', 'week', ',', 'sources', 'said', 'that', 'India', 'was', 'preparing', 'to', 'reduce', 'Russian', 'oil', 'imports', 'to', 'below', '1', 'million', 'barrels', 'per', 'day', ',', 'with', 'one', 'saying', 'such', 'imports', 'eventually', 'would', 'total', '500', ',', '000', '600', ',', '000', 'bpd', '.']","['O', 'O', 'O', 'O', 'O', 'O', 'B-LOC', 'O', 'O', 'O', 'O', 'B-NORP', 'O', 'O', 'O', 'O', 'B-CARDINAL', 'O', 'O', 'O', 'O', 'O', 'O', 'O', 'O', 'O', 'O', 'O', 'O', 'O', 'B-CARDINAL', 'O', 'B-CARDINAL', 'B-CARDINAL', 'O', 'B-CARDINAL', 'O', 'O']"
India's Russian oil imports peaked at around 2 million bpd last June.,"[""India's"", 'Russian', 'oil', 'imports', 'peaked', 'at', 'around', '2', 'million', 'bpd', 'last', 'June', '.']","['B-LOC', 'B-NORP', 'O', 'O', 'O', 'O', 'O', 'B-CARDINAL', 'O', 'O', 'O', 'O', 'O']"
"Trump said on Saturday India would buy Venezuelan oil, but refining sources said on Tuesday that only Reliance and Nayara had the refining capability to process heavy crude in large volumes.","['Trump', 'said', 'on', 'Saturday', 'India', 'would', 'buy', 'Venezuelan', 'oil', ',', 'but', 'refining', 'sources', 'said', 'on', 'Tuesday', 'that', 'only', 'Reliance', 'and', 'Nayara', 'had', 'the', 'refining', 'capability', 'to', 'process', 'heavy', 'crude', 'in', 'large', 'volumes', '.']","['B-PERSON', 'O', 'O', 'O', 'B-LOC', 'O', 'O', 'B-NORP', 'O', 'O', 'O', 'O', 'O', 'O', 'O', 'O', 'O', 'O', 'B-ORG', 'O', 'B-ORG', 'O', 'O', 'O', 'O', 'O', 'O', 'O', 'O', 'B-LOC', 'O', 'O', 'O']"
"State refiners, they said, could not simply switch to Venezualan oil and would only be able to replace less than 10% of Russian supplies.","['State', 'refiners', ',', 'they', 'said', ',', 'could', 'not', 'simply', 'switch', 'to', 'Venezualan', 'oil', 'and', 'would', 'only', 'be', 'able', 'to', 'replace', 'less', 'than', '10', 'of', 'Russian', 'supplies', '.']","['O', 'O', 'O', 'O', 'O', 'O', 'O', 'O', 'O', 'O', 'O', 'B-NORP', 'O', 'O', 'O', 'O', 'O', 'O', 'O', 'O', 'O', 'O', 'B-CARDINAL', 'O', 'B-NORP', 'O', 'O']"
"India's Russian oil imports fell to their lowest level in two years in December, data from trade sources showed.","[""India's"", 'Russian', 'oil', 'imports', 'fell', 'to', 'their', 'lowest', 'level', 'in', 'two', 'years', 'in', 'December', ',', 'data', 'from', 'trade', 'sources', 'showed', '.']","['B-LOC', 'B-NORP', 'O', 'O', 'O', 'O', 'O', 'O', 'O', 'B-LOC', 'O', 'O', 'B-LOC', 'O', 'O', 'O', 'O', 'O', 'O', 'O', 'O']"
"Indian refiners have been buying more from Middle Eastern, African and South American countries as they scale back Russian oil purchases, refining sources said last month.","['Indian', 'refiners', 'have', 'been', 'buying', 'more', 'from', 'Middle', 'Eastern', ',', 'African', 'and', 'South', 'American', 'countries', 'as', 'they', 'scale', 'back', 'Russian', 'oil', 'purchases', ',', 'refining', 'sources', 'said', 'last', 'month', '.']","['B-NORP', 'O', 'O', 'O', 'O', 'O', 'O', 'B-NORP', 'I-NORP', 'O', 'B-NORP', 'O', 'B-NORP', 'I-NORP', 'O', 'B-NORP', 'O', 'O', 'O', 'B-NORP', 'O', 'O', 'O', 'O', 'O', 'O', 'O', 'O', 'O']"
"Presently, she is working as Team Leader-Energy in India.","['Presently', ',', 'she', 'is', 'working', 'as', 'Team', 'Leader', 'Energy', 'in', 'India', '.']","['O', 'O', 'O', 'O', 'O', 'O', 'O', 'O', 'B-ORG', 'B-LOC', 'I-LOC', 'O']"
She has more than two decades of experience in covering India and global energy sector.,"['She', 'has', 'more', 'than', 'two', 'decades', 'of', 'experience', 'in', 'covering', 'India', 'and', 'global', 'energy', 'sector', '.']","['O', 'O', 'O', 'O', 'O', 'O', 'O', 'O', 'B-LOC', 'O', 'B-LOC', 'O', 'O', 'O', 'O', 'O']"
"Her stories show a new dimension of the energy sector, the nuances of the oil trade, the role of geopolitics and the diplomatic efforts that a country makes to mitigate the impact of external shocks.","['Her', 'stories', 'show', 'a', 'new', 'dimension', 'of', 'the', 'energy', 'sector', ',', 'the', 'nuances', 'of', 'the', 'oil', 'trade', ',', 'the', 'role', 'of', 'geopolitics', 'and', 'the', 'diplomatic', 'efforts', 'that', 'a', 'country', 'makes', 'to', 'mitigate', 'the', 'impact', 'of', 'external', 'shocks', '.']","['O', 'O', 'O', 'O', 'O', 'O', 'O', 'O', 'O', 'O', 'O', 'O', 'O', 'O', 'O', 'O', 'O', 'O', 'O', 'O', 'O', 'O', 'O', 'O', 'O', 'O', 'O', 'O', 'O', 'O', 'O', 'O', 'O', 'O', 'O', 'O', 'O', 'O']"
"Summary  Companies  Bitcoin trading below $80k after a 6% drop on Saturday  Microsoft's Azure revenue growth disappoints, impacting AI sentiment  Trump nominates Kevin Warsh for Fed, markets expect rate cuts  Feb 2 (Reuters) - Bitcoin investors liquidated $2.56 billion in recent days, according to data provider CoinGlass, as cryptocurrencies slumped following a sell-off in other risk assets, including equities and precious metals.","['Summary', 'Companies', 'Bitcoin', 'trading', 'below', '80k', 'after', 'a', '6', 'drop', 'on', 'Saturday', ""Microsoft's"", 'Azure', 'revenue', 'growth', 'disappoints', ',', 'impacting', 'AI', 'sentiment', 'Trump', 'nominates', 'Kevin', 'Warsh', 'for', 'Fed', ',', 'markets', 'expect', 'rate', 'cuts', 'Feb', '2', '(', 'Reuters', ')', 'Bitcoin', 'investors', 'liquidated', '2', '.', '56', 'billion', 'in', 'recent', 'days', ',', 'according', 'to', 'data', 'provider', 'CoinGlass', ',', 'as', 'cryptocurrencies', 'slumped', 'following', 'a', 'sell', 'off', 'in', 'other', 'risk', 'assets', ',', 'including', 'equities', 'and', 'precious', 'metals', '.']","['O', 'B-ORG', 'I-ORG', 'O', 'O', 'O', 'O', 'B-ORG', 'B-CARDINAL', 'O', 'O', 'O', 'B-ORG', 'B-NORP', 'O', 'O', 'O', 'O', 'O', 'B-NORP', 'O', 'B-PERSON', 'O', 'B-PERSON', 'I-PERSON', 'O', 'B-ORG', 'O', 'O', 'O', 'O', 'O', 'O', 'B-CARDINAL', 'O', 'B-ORG', 'O', 'B-ORG', 'O', 'O', 'B-CARDINAL', 'O', 'B-CARDINAL', 'O', 'B-ORG', 'O', 'O', 'O', 'O', 'O', 'O', 'O', 'B-ORG', 'O', 'B-ORG', 'O', 'O', 'O', 'B-ORG', 'O', 'O', 'B-ORG', 'O', 'O', 'O', 'O', 'O', 'O', 'O', 'O', 'O', 'O']"
The wipeouts in both short and long bitcoin positions are far below the record $19 billion in crypto liquidations the market experienced after U.S. President Donald Trump announced new tariffs on China.,"['The', 'wipeouts', 'in', 'both', 'short', 'and', 'long', 'bitcoin', 'positions', 'are', 'far', 'below', 'the', 'record', '19', 'billion', 'in', 'crypto', 'liquidations', 'the', 'market', 'experienced', 'after', 'U', '.', 'S', '.', 'President', 'Donald', 'Trump', 'announced', 'new', 'tariffs', 'on', 'China', '.']","['O', 'O', 'B-LOC', 'O', 'O', 'O', 'O', 'O', 'O', 'O', 'O', 'O', 'O', 'O', 'B-CARDINAL', 'O', 'B-LOC', 'O', 'O', 'O', 'O', 'O', 'O', 'B-PERSON', 'B-LOC', 'I-LOC', 'I-LOC', 'O', 'B-PERSON', 'I-PERSON', 'O', 'O', 'O', 'B-PERSON', 'B-LOC', 'I-LOC']"
"Even so, analysts say the fresh cascade of wipeouts demonstrates how sensitive the crypto market has become to risk-off sentiment.","['Even', 'so', ',', 'analysts', 'say', 'the', 'fresh', 'cascade', 'of', 'wipeouts', 'demonstrates', 'how', 'sensitive', 'the', 'crypto', 'market', 'has', 'become', 'to', 'risk', 'off', 'sentiment', '.']","['O', 'O', 'O', 'O', 'O', 'O', 'O', 'O', 'O', 'O', 'O', 'O', 'O', 'O', 'O', 'O', 'O', 'O', 'O', 'O', 'O', 'O', 'O']"
The Week in Breakingviews newsletter offers insights and ideas from Reuters' global financial commentary team.,"['The', 'Week', 'in', 'Breakingviews', 'newsletter', 'offers', 'insights', 'and', 'ideas', 'from', ""Reuters'"", 'global', 'financial', 'commentary', 'team', '.']","['O', 'B-NORP', 'I-NORP', 'I-NORP', 'O', 'O', 'O', 'O', 'O', 'O', 'B-ORG', 'O', 'O', 'O', 'O', 'O']"
"While bitcoin is notoriously volatile, cryptocurrencies have been weighed down by fresh concerns about the AI trade and a sell-off in precious metals sparked by Trump's announcement that he was picking Kevin Warsh as his Fed chair nominee.","['While', 'bitcoin', 'is', 'notoriously', 'volatile', ',', 'cryptocurrencies', 'have', 'been', 'weighed', 'down', 'by', 'fresh', 'concerns', 'about', 'the', 'AI', 'trade', 'and', 'a', 'sell', 'off', 'in', 'precious', 'metals', 'sparked', 'by', ""Trump's"", 'announcement', 'that', 'he', 'was', 'picking', 'Kevin', 'Warsh', 'as', 'his', 'Fed', 'chair', 'nominee', '.']","['O', 'O', 'O', 'O', 'O', 'O', 'O', 'O', 'O', 'O', 'O', 'O', 'O', 'O', 'O', 'O', 'B-NORP', 'O', 'O', 'B-PERSON', 'O', 'O', 'B-PERSON', 'O', 'O', 'O', 'O', 'B-PERSON', 'O', 'O', 'O', 'O', 'O', 'B-PERSON', 'I-PERSON', 'O', 'O', 'B-ORG', 'B-NORP', 'O', 'O']"
"""What we've seen the last few months is probably people taking a step back while they have to reassess their risk frameworks and how they operate in this market,"" said Adam McCarthy, a senior research analyst at digital market data provider Kaiko.","['""', 'What', ""we've"", 'seen', 'the', 'last', 'few', 'months', 'is', 'probably', 'people', 'taking', 'a', 'step', 'back', 'while', 'they', 'have', 'to', 'reassess', 'their', 'risk', 'frameworks', 'and', 'how', 'they', 'operate', 'in', 'this', 'market', ',', '""', 'said', 'Adam', 'McCarthy', ',', 'a', 'senior', 'research', 'analyst', 'at', 'digital', 'market', 'data', 'provider', 'Kaiko', '.']","['O', 'O', 'O', 'O', 'O', 'O', 'O', 'O', 'O', 'O', 'O', 'O', 'B-ORG', 'O', 'O', 'O', 'O', 'O', 'O', 'O', 'O', 'O', 'O', 'O', 'O', 'O', 'O', 'O', 'O', 'O', 'O', 'O', 'O', 'B-PERSON', 'I-PERSON', 'O', 'B-ORG', 'O', 'O', 'O', 'O', 'O', 'O', 'O', 'O', 'B-ORG', 'O']"
"Bitcoin fell as low as $104,782.88 during the October 10-11 period, after setting a fresh record high just days earlier above $126,000.","['Bitcoin', 'fell', 'as', 'low', 'as', '104', ',', '782', '.', '88', 'during', 'the', 'October', '10', '11', 'period', ',', 'after', 'setting', 'a', 'fresh', 'record', 'high', 'just', 'days', 'earlier', 'above', '126', ',', '000', '.']","['B-ORG', 'O', 'O', 'O', 'O', 'B-CARDINAL', 'O', 'B-CARDINAL', 'O', 'B-CARDINAL', 'O', 'O', 'O', 'B-CARDINAL', 'B-CARDINAL', 'O', 'O', 'O', 'O', 'O', 'O', 'O', 'O', 'O', 'O', 'O', 'O', 'B-CARDINAL', 'O', 'B-CARDINAL', 'O']"
"It has yet to regain those peaks, and was last trading at around $78,396, after falling more than 6% on Saturday.","['It', 'has', 'yet', 'to', 'regain', 'those', 'peaks', ',', 'and', 'was', 'last', 'trading', 'at', 'around', '78', ',', '396', ',', 'after', 'falling', 'more', 'than', '6', 'on', 'Saturday', '.']","['O', 'O', 'O', 'O', 'O', 'O', 'O', 'O', 'O', 'O', 'O', 'O', 'O', 'O', 'B-CARDINAL', 'O', 'B-CARDINAL', 'O', 'O', 'O', 'O', 'O', 'B-CARDINAL', 'O', 'O', 'O']"
"Thin weekend liquidity also exacerbated downward moves over the weekend, Bitfinex analysts said in a Monday research report.","['Thin', 'weekend', 'liquidity', 'also', 'exacerbated', 'downward', 'moves', 'over', 'the', 'weekend', ',', 'Bitfinex', 'analysts', 'said', 'in', 'a', 'Monday', 'research', 'report', '.']","['O', 'O', 'O', 'O', 'O', 'O', 'O', 'O', 'O', 'O', 'O', 'B-ORG', 'O', 'O', 'B-ORG', 'O', 'O', 'O', 'O', 'O']"
