tokens,labels
"['Summary', 'Companies', 'Lawsuit', 'claims', 'Noem', 'hostile', 'to', 'nonwhite', 'immigrants', 'Judge', 'says', 'that', 'claim', ""'seems"", 'substantially', ""likely'"", 'Protected', 'status', 'would', 'have', 'ended', 'on', 'Wednesday', 'Feb', '2', '(', 'Reuters', ')', 'A', 'federal', 'judge', 'on', 'Monday', 'blocked', 'the', 'Trump', 'administration', 'from', 'revoking', 'legal', 'protections', 'for', 'more', 'than', '350', ',', '000', 'Haitians', 'in', 'the', 'U', '.', 'S', '.', ',', 'preventing', 'their', 'potential', 'deportation', 'to', 'a', 'country', 'that', 'has', 'been', 'ravaged', 'by', 'gang', 'violence', '.']","['O', 'O', 'O', 'O', 'B-PERSON', 'O', 'O', 'B-NORP', 'O', 'O', 'O', 'O', 'O', 'O', 'O', 'O', 'O', 'O', 'O', 'O', 'O', 'O', 'B-DATE', 'B-DATE', 'I-DATE', 'O', 'B-ORG', 'O', 'O', 'O', 'O', 'O', 'B-DATE', 'O', 'O', 'B-PERSON', 'O', 'O', 'O', 'O', 'O', 'O', 'O', 'O', 'B-CARDINAL', 'I-CARDINAL', 'I-CARDINAL', 'B-NORP', 'O', 'O', 'B-GPE', 'I-GPE', 'I-GPE', 'O', 'O', 'O', 'O', 'O', 'O', 'O', 'O', 'O', 'O', 'O', 'O', 'O', 'O', 'O', 'O', 'O']"
"['U', '.', 'S', '.', 'District', 'Judge', 'Ana', 'Reyes', 'in', 'Washington', ',', 'D', '.', 'C', '.', ',', 'halted', ',', 'opens', 'new', 'tab', 'the', 'U', '.', 'S', '.', 'Department', 'of', 'Homeland', ""Security's"", 'effort', 'to', 'terminate', ""Haiti's"", 'Temporary', 'Protected', 'Status', '.']","['B-GPE', 'I-GPE', 'I-GPE', 'I-GPE', 'O', 'O', 'B-PERSON', 'I-PERSON', 'O', 'B-GPE', 'O', 'B-GPE', 'I-GPE', 'I-GPE', 'I-GPE', 'O', 'O', 'O', 'O', 'O', 'O', 'O', 'B-GPE', 'I-GPE', 'I-GPE', 'I-GPE', 'B-ORG', 'I-ORG', 'I-ORG', 'I-ORG', 'O', 'O', 'O', 'B-GPE', 'O', 'O', 'O', 'O']"
"['The', 'move', 'would', 'have', 'taken', 'effect', 'on', 'Wednesday', 'despite', 'spiraling', 'violence', 'there', 'that', 'has', 'displaced', 'more', 'than', '1', '.', '4', 'million', 'people', '.']","['O', 'O', 'O', 'O', 'O', 'O', 'O', 'B-DATE', 'O', 'O', 'O', 'O', 'O', 'O', 'O', 'O', 'O', 'B-CARDINAL', 'I-CARDINAL', 'I-CARDINAL', 'I-CARDINAL', 'O', 'O']"
"['Reyes', ',', 'who', 'was', 'appointed', 'by', 'Democratic', 'former', 'President', 'Joe', 'Biden', ',', 'issued', 'the', 'ruling', 'in', 'a', 'class', 'action', 'lawsuit', 'brought', 'by', 'Haitians', 'seeking', 'to', 'stop', 'the', 'administration', 'from', 'exposing', 'them', 'to', 'deportation', 'by', 'ending', 'their', 'legal', 'status', '.']","['B-PERSON', 'O', 'O', 'O', 'O', 'O', 'B-NORP', 'O', 'O', 'B-PERSON', 'I-PERSON', 'O', 'O', 'O', 'O', 'O', 'O', 'O', 'O', 'O', 'O', 'O', 'B-NORP', 'O', 'O', 'O', 'O', 'O', 'O', 'O', 'O', 'O', 'O', 'O', 'O', 'O', 'O', 'O', 'O']"
"['Reyes', 'said', 'in', 'the', 'ruling', 'that', 'Homeland', 'Security', 'Secretary', 'Kristi', 'Noem', 'likely', 'violated', 'the', 'procedures', 'required', 'to', 'terminate', 'the', 'protected', 'status', 'of', 'Haitian', 'immigrants', 'in', 'the', 'U', '.', 'S', '.', 'as', 'well', 'as', 'the', 'U', '.', 'S', '.', ""Constitution's"", 'Fifth', 'Amendment', 'guarantee', 'of', 'equal', 'protection', 'under', 'the', 'law', '.']","['B-PERSON', 'O', 'O', 'O', 'O', 'O', 'B-ORG', 'I-ORG', 'O', 'B-PERSON', 'I-PERSON', 'O', 'O', 'O', 'O', 'O', 'O', 'O', 'O', 'O', 'O', 'O', 'B-NORP', 'O', 'O', 'O', 'B-GPE', 'I-GPE', 'I-GPE', 'I-GPE', 'O', 'O', 'O', 'O', 'B-GPE', 'I-GPE', 'I-GPE', 'I-GPE', 'B-WORK_OF_ART', 'B-ORDINAL', 'I-WORK_OF_ART', 'O', 'O', 'O', 'O', 'O', 'O', 'O', 'O']"
"['""', 'Plaintiffs', 'charge', 'that', 'Secretary', 'Noem', 'preordained', 'her', 'termination', 'decision', 'and', 'did', 'so', 'because', 'of', 'hostility', 'to', 'nonwhite', 'immigrants', '.']","['O', 'O', 'O', 'O', 'O', 'B-PERSON', 'O', 'O', 'O', 'O', 'O', 'O', 'O', 'O', 'O', 'O', 'O', 'B-NORP', 'O', 'O']"
"['The', 'law', 'firm', 'representing', 'the', 'plaintiffs', ',', 'Bryan', 'Cave', 'Leighton', 'Paisner', ',', 'praised', 'the', 'ruling', ',', 'noting', 'that', 'Haiti', 'remains', 'extremely', 'dangerous', '.']","['O', 'O', 'O', 'O', 'O', 'O', 'O', 'B-ORG', 'I-ORG', 'I-ORG', 'I-ORG', 'O', 'O', 'O', 'O', 'O', 'O', 'O', 'B-GPE', 'O', 'O', 'O', 'O']"
"['""', 'This', 'ruling', 'recognizes', 'the', 'grave', 'risks', 'Haitian', 'TPS', 'holders', 'would', 'face', 'if', 'forced', 'to', 'return', ',', 'and', 'it', 'ensures', 'that', 'they', 'can', 'remain', 'here', 'in', 'the', 'United', 'States', 'as', 'legislated', 'by', 'Congress', 'to', 'continue', 'their', 'lives', ',', 'contributing', 'to', 'their', 'communities', ',', 'and', 'supporting', 'their', 'families', ',', '""', 'the', 'firm', 'said', 'in', 'a', 'statement', '.']","['O', 'O', 'O', 'O', 'O', 'O', 'O', 'B-NORP', 'O', 'O', 'O', 'O', 'O', 'O', 'O', 'O', 'O', 'O', 'O', 'O', 'O', 'O', 'O', 'O', 'O', 'O', 'O', 'B-GPE', 'I-GPE', 'O', 'O', 'O', 'B-ORG', 'O', 'O', 'O', 'O', 'O', 'O', 'O', 'O', 'O', 'O', 'O', 'O', 'O', 'O', 'O', 'O', 'O', 'O', 'O', 'O', 'O', 'O', 'O']"
"['TPS', 'is', 'available', 'to', 'people', 'whose', 'home', 'country', 'has', 'experienced', 'a', 'natural', 'disaster', ',', 'armed', 'conflict', 'or', 'other', 'extraordinary', 'event', '.']","['B-ORG', 'O', 'O', 'O', 'O', 'O', 'O', 'O', 'O', 'O', 'O', 'O', 'O', 'O', 'O', 'O', 'O', 'O', 'O', 'O', 'O']"
"['It', 'provides', 'eligible', 'migrants', 'with', 'work', 'authorization', 'and', 'temporary', 'protection', 'from', 'deportation', '.']","['O', 'O', 'O', 'O', 'O', 'O', 'O', 'O', 'O', 'O', 'O', 'O', 'O']"
"['The', 'Department', 'of', 'Homeland', 'Security', 'has', 'moved', 'to', 'end', 'the', 'status', 'for', 'about', 'a', 'dozen', 'countries', 'as', 'part', 'of', 'President', 'Donald', ""Trump's"", 'crackdown', 'on', 'immigration', ',', 'saying', 'TPS', 'was', 'always', 'meant', 'to', 'be', 'temporary', 'and', 'not', 'a', '""', 'de', 'facto', 'amnesty', 'program', '.', '""']","['O', 'B-ORG', 'I-ORG', 'I-ORG', 'I-ORG', 'O', 'O', 'O', 'O', 'O', 'O', 'O', 'O', 'O', 'O', 'O', 'O', 'O', 'O', 'B-PERSON', 'I-PERSON', 'I-PERSON', 'O', 'O', 'O', 'O', 'O', 'B-ORG', 'O', 'O', 'O', 'O', 'O', 'O', 'O', 'O', 'O', 'O', 'O', 'O', 'O', 'O', 'O', 'O']"
"['Department', 'spokesperson', 'Tricia', 'McLaughlin', 'indicated', 'in', 'a', 'social', 'media', 'post', 'that', 'the', 'ruling', 'would', 'be', 'appealed', '.']","['O', 'O', 'B-PERSON', 'I-PERSON', 'O', 'O', 'O', 'O', 'O', 'O', 'O', 'O', 'O', 'O', 'O', 'O', 'O']"
"['""', ""Haiti's"", 'TPS', 'was', 'granted', 'following', 'an', 'earthquake', 'that', 'took', 'place', 'over', '15', 'years', 'ago', ',', 'it', 'was', 'never', 'intended', 'to', 'be', 'a', 'de', 'facto', 'amnesty', 'program', ',', 'yet', 'that', 's', 'how', 'previous', 'administrations', 'have', 'used', 'it', 'for', 'decades', '.']","['O', 'B-GPE', 'B-ORG', 'O', 'O', 'O', 'O', 'O', 'O', 'O', 'O', 'O', 'B-DATE', 'I-DATE', 'O', 'O', 'O', 'O', 'O', 'O', 'O', 'O', 'O', 'O', 'O', 'O', 'O', 'O', 'O', 'O', 'O', 'O', 'O', 'O', 'O', 'O', 'O', 'O', 'O', 'O']"
"['Temporary', 'means', 'temporary', 'and', 'the', 'final', 'word', 'will', 'not', 'be', 'from', 'an', 'activist', 'judge', 'legislating', 'from', 'the', 'bench', ',', '""', 'McLaughlin', 'said', '.']","['O', 'O', 'O', 'O', 'O', 'O', 'O', 'O', 'O', 'O', 'O', 'O', 'O', 'O', 'O', 'O', 'O', 'O', 'O', 'O', 'B-PERSON', 'O', 'O']"
"['Haitians', 'were', 'first', 'given', 'TPS', 'in', '2010', ',', 'after', 'a', 'devastating', '7', '.', '0', 'magnitude', 'earthquake', 'struck', 'their', 'country', '.']","['B-NORP', 'O', 'O', 'O', 'B-ORG', 'O', 'B-DATE', 'O', 'O', 'O', 'O', 'B-QUANTITY', 'I-QUANTITY', 'I-QUANTITY', 'I-QUANTITY', 'O', 'O', 'O', 'O', 'O']"
"['The', 'U', '.', 'S', '.', 'has', 'repeatedly', 'extended', 'the', 'status', ',', 'most', 'recently', 'under', 'the', 'Biden', 'administration', 'in', 'July', '2024', '.']","['O', 'B-GPE', 'I-GPE', 'I-GPE', 'I-GPE', 'O', 'O', 'O', 'O', 'O', 'O', 'O', 'O', 'O', 'O', 'B-ORG', 'I-ORG', 'O', 'B-DATE', 'I-DATE', 'O']"
"['The', 'department', 'at', 'that', 'time', 'extended', 'TPS', 'for', 'another', '18', 'months', 'through', 'February', '3', ',', '2026', ',', 'citing', '""', 'simultaneous', 'economic', ',', 'security', ',', 'political', ',', 'and', 'health', 'crises', '""', 'in', 'Haiti', ',', 'fueled', 'by', 'gangs', 'and', 'a', 'lack', 'of', 'a', 'functioning', 'government', '.']","['O', 'O', 'O', 'O', 'O', 'O', 'B-ORG', 'O', 'O', 'B-DATE', 'I-DATE', 'O', 'B-DATE', 'I-DATE', 'O', 'I-DATE', 'O', 'O', 'O', 'O', 'O', 'O', 'O', 'O', 'O', 'O', 'O', 'O', 'O', 'O', 'O', 'B-GPE', 'O', 'O', 'O', 'O', 'O', 'O', 'O', 'O', 'O', 'O', 'O', 'O']"
"['Shortly', 'after', 'Trump', 'took', 'office', ',', 'his', 'administration', 'tried', 'to', 'curtail', 'those', 'humanitarian', 'protections', 'for', 'Haitians', 'in', 'February', '2025', ',', 'when', 'Noem', 'moved', 'to', 'truncate', 'the', 'Biden', 'era', 'extension', 'so', 'it', 'would', 'expire', 'in', 'August', '.']","['O', 'O', 'B-PERSON', 'O', 'O', 'O', 'O', 'O', 'O', 'O', 'O', 'O', 'O', 'O', 'O', 'B-NORP', 'O', 'B-DATE', 'I-DATE', 'O', 'O', 'B-PERSON', 'O', 'O', 'O', 'O', 'B-ORG', 'I-ORG', 'O', 'O', 'O', 'O', 'O', 'B-DATE', 'O', 'O']"
"['After', 'a', 'federal', 'judge', 'in', 'New', 'York', 'in', 'July', 'ruled', 'Noem', 'lacked', 'statutory', 'authority', 'to', 'do', 'so', ',', 'her', 'department', 'in', 'November', 'moved', 'to', 'terminate', ""Haiti's"", 'TPS', 'status', ',', 'saying', 'there', 'were', '""', 'no', 'extraordinary', 'and', 'temporary', 'conditions', '""', 'in', 'the', 'country', 'that', 'would', 'prevent', 'migrants', 'from', 'returning', '.']","['O', 'O', 'O', 'O', 'O', 'B-GPE', 'I-GPE', 'O', 'B-DATE', 'O', 'B-PERSON', 'O', 'O', 'O', 'O', 'O', 'O', 'O', 'O', 'O', 'O', 'B-DATE', 'O', 'O', 'O', 'B-GPE', 'B-ORG', 'O', 'O', 'O', 'O', 'O', 'O', 'O', 'O', 'O', 'O', 'O', 'O', 'O', 'O', 'O', 'O', 'O', 'O', 'O', 'O', 'O', 'O']"
"['UNICEF', 'estimated', 'in', 'October', 'that', 'over', '6', 'million', 'people', 'more', 'than', 'half', 'the', 'population', ',', 'including', '3', '.', '3', 'million', 'children', 'need', 'humanitarian', 'assistance', '.']","['B-ORG', 'O', 'O', 'B-DATE', 'O', 'O', 'B-QUANTITY', 'I-QUANTITY', 'O', 'O', 'O', 'O', 'O', 'O', 'O', 'O', 'B-QUANTITY', 'I-QUANTITY', 'I-QUANTITY', 'I-QUANTITY', 'O', 'O', 'O', 'O', 'O']"
"['Summary', 'House', 'Oversight', 'Committee', 'recommended', 'last', 'week', 'that', 'Clintons', 'be', 'held', 'in', 'contempt', 'Bill', 'and', 'Hillary', 'Clinton', 'have', 'said', 'congressional', 'probe', 'is', 'partisan', 'US', 'DOJ', 'recently', 'released', 'millions', 'of', 'documents', 'related', 'to', 'Epstein', 'Feb', '2', '(', 'Reuters', ')', 'Former', 'U', '.', 'S', '.', 'President', 'Bill', 'Clinton', 'and', 'Hillary', 'Clinton', ',', 'the', '2016', 'Democratic', 'presidential', 'nominee', ',', 'will', 'testify', 'in', 'a', 'congressional', 'investigation', 'into', 'the', 'late', 'sex', 'offender', 'Jeffrey', 'Epstein', ',', 'a', 'staffer', 'said', 'on', 'Monday', '.']","['O', 'B-ORG', 'I-ORG', 'I-ORG', 'O', 'B-DATE', 'I-DATE', 'O', 'B-PERSON', 'O', 'O', 'O', 'O', 'B-PERSON', 'O', 'B-PERSON', 'I-PERSON', 'O', 'O', 'O', 'O', 'O', 'O', 'B-GPE', 'B-ORG', 'O', 'O', 'B-QUANTITY', 'O', 'O', 'O', 'O', 'B-PERSON', 'B-DATE', 'I-DATE', 'O', 'B-ORG', 'O', 'O', 'B-GPE', 'I-GPE', 'I-GPE', 'I-GPE', 'O', 'B-PERSON', 'I-PERSON', 'O', 'B-PERSON', 'I-PERSON', 'O', 'O', 'B-DATE', 'B-NORP', 'O', 'O', 'O', 'O', 'O', 'O', 'O', 'O', 'O', 'O', 'O', 'O', 'B-PERSON', 'I-PERSON', 'O', 'O', 'O', 'O', 'O', 'B-DATE', 'O', 'O', 'O']"
"['The', 'decision', 'could', 'head', 'off', 'a', 'planned', 'vote', 'in', 'the', 'Republican', 'led', 'House', 'of', 'Representatives', 'to', 'hold', 'the', 'two', 'prominent', 'Democrats', 'in', 'contempt', ',', 'which', 'could', 'lead', 'to', 'criminal', 'charges', '.']","['O', 'O', 'O', 'O', 'O', 'O', 'O', 'O', 'O', 'O', 'B-NORP', 'O', 'B-ORG', 'I-ORG', 'I-ORG', 'O', 'O', 'O', 'O', 'O', 'B-NORP', 'O', 'O', 'O', 'O', 'O', 'O', 'O', 'O', 'O', 'O']"
"['The', 'U', '.', 'S', '.', 'Justice', ""Department's"", 'recent', 'release', 'of', 'millions', 'of', 'internal', 'documents', 'related', 'to', 'Epstein', 'has', 'revealed', 'the', 'late', 'financier', 'and', 'sex', ""offender's"", 'ties', 'to', 'many', 'prominent', 'people', 'in', 'politics', ',', 'finance', ',', 'academia', 'and', 'business', 'both', 'before', 'and', 'after', 'he', 'pleaded', 'guilty', 'in', '2008', 'to', 'prostitution', 'charges', '.']","['O', 'B-GPE', 'I-GPE', 'I-GPE', 'I-GPE', 'B-ORG', 'I-ORG', 'O', 'O', 'O', 'B-QUANTITY', 'O', 'O', 'O', 'O', 'O', 'B-PERSON', 'O', 'O', 'O', 'O', 'O', 'O', 'O', 'O', 'O', 'O', 'O', 'O', 'O', 'O', 'O', 'O', 'O', 'O', 'O', 'O', 'O', 'O', 'O', 'O', 'O', 'O', 'O', 'O', 'O', 'B-DATE', 'O', 'O', 'O', 'O']"
"['Asked', 'if', 'the', 'House', 'would', 'hold', 'up', 'its', 'contempt', 'votes', 'against', 'the', 'Clintons', ',', 'House', 'Speaker', 'Mike', 'Johnson', 'told', 'Reuters', ':', '""', ""They're"", 'working', 'on', 'that', 'right', 'now', '.']","['O', 'O', 'O', 'B-ORG', 'O', 'O', 'O', 'O', 'O', 'O', 'O', 'O', 'B-PERSON', 'O', 'B-ORG', 'O', 'B-PERSON', 'I-PERSON', 'O', 'B-ORG', 'O', 'O', 'O', 'O', 'O', 'O', 'O', 'O', 'O']"
"['Johnson', 'earlier', 'welcomed', 'the', 'news', 'of', 'the', 'former', 'president', 'and', 'the', 'former', 'secretary', 'of', 'state', 'agreeing', 'to', 'testify', '.']","['B-PERSON', 'O', 'O', 'O', 'O', 'O', 'O', 'O', 'O', 'O', 'O', 'O', 'O', 'O', 'O', 'O', 'O', 'O', 'O']"
"['The', 'House', 'Oversight', 'Committee', 'recommended', 'last', 'week', 'that', 'the', 'Clintons', 'be', 'held', 'in', 'contempt', 'for', 'refusing', 'to', 'testify', 'about', 'their', 'relationship', 'with', 'Epstein', '.']","['O', 'B-ORG', 'I-ORG', 'I-ORG', 'O', 'B-DATE', 'I-DATE', 'O', 'O', 'B-PERSON', 'O', 'O', 'O', 'O', 'O', 'O', 'O', 'O', 'O', 'O', 'O', 'O', 'B-PERSON', 'O']"
"['The', 'Clintons', 'had', 'offered', 'to', 'cooperate', 'with', 'the', 'panel', 'but', 'had', 'refused', 'to', 'appear', 'in', 'person', ',', 'saying', 'the', 'investigation', 'was', 'a', 'partisan', 'exercise', 'aimed', 'at', 'protecting', 'Republican', 'President', 'Donald', 'Trump', '.']","['O', 'B-PERSON', 'O', 'O', 'O', 'O', 'O', 'O', 'O', 'O', 'O', 'O', 'O', 'O', 'O', 'O', 'O', 'O', 'O', 'O', 'O', 'O', 'O', 'O', 'O', 'O', 'O', 'B-NORP', 'O', 'B-PERSON', 'I-PERSON', 'O']"
"['They', 'look', 'forward', 'to', 'setting', 'a', 'precedent', 'that', 'applies', 'to', 'everyone', ',', '""', 'the', ""Clintons'"", 'deputy', 'chief', 'of', 'staff', ',', 'Angel', 'Urena', ',', 'said', 'on', 'social', 'media', '.']","['O', 'O', 'O', 'O', 'O', 'O', 'O', 'O', 'O', 'O', 'O', 'O', 'O', 'O', 'B-PERSON', 'O', 'O', 'O', 'O', 'O', 'B-PERSON', 'I-PERSON', 'O', 'O', 'O', 'O', 'O', 'O']"
"['Bill', 'Clinton', 'flew', 'on', ""Epstein's"", 'plane', 'several', 'times', 'in', 'the', 'early', '2000s', 'after', 'leaving', 'office', '.']","['B-PERSON', 'I-PERSON', 'O', 'O', 'B-FAC', 'I-FAC', 'O', 'O', 'O', 'O', 'O', 'B-DATE', 'O', 'O', 'O', 'O']"
"['He', 'has', 'expressed', 'regret', 'about', 'the', 'relationship', 'and', 'said', 'he', 'knew', 'nothing', 'about', ""Epstein's"", 'criminal', 'activity', '.']","['O', 'O', 'O', 'O', 'O', 'O', 'O', 'O', 'O', 'O', 'O', 'O', 'O', 'B-PERSON', 'O', 'O', 'O']"
"['Republican', 'U', '.', 'S', '.', 'Representative', 'James', 'Comer', ',', 'who', 'chairs', 'the', 'House', 'Oversight', 'Committee', ',', 'said', 'on', 'Monday', 'the', 'Clintons', 'have', 'not', 'given', 'a', 'date', 'for', 'their', 'depositions', 'and', 'that', 'he', 'will', 'discuss', 'next', 'steps', 'with', 'panel', 'members', '.']","['B-NORP', 'O', 'O', 'O', 'O', 'O', 'B-PERSON', 'I-PERSON', 'O', 'O', 'O', 'O', 'B-ORG', 'I-ORG', 'I-ORG', 'O', 'O', 'O', 'B-DATE', 'O', 'B-PERSON', 'O', 'O', 'O', 'O', 'O', 'O', 'O', 'O', 'O', 'O', 'O', 'O', 'O', 'O', 'O', 'O', 'O', 'O', 'O']"
"['""', 'The', ""Clintons'"", 'counsel', 'has', 'said', 'they', 'agree', 'to', 'terms', ',', 'but', 'those', 'terms', 'lack', 'clarity', 'yet', 'again', 'and', 'they', 'have', 'provided', 'no', 'dates', 'for', 'their', 'depositions', ',', '""', 'Comer', 'said', '.']","['O', 'O', 'B-PERSON', 'O', 'O', 'O', 'O', 'O', 'O', 'O', 'O', 'O', 'O', 'O', 'O', 'O', 'O', 'O', 'O', 'O', 'O', 'O', 'O', 'O', 'O', 'O', 'O', 'O', 'O', 'B-PERSON', 'O', 'O']"
"['""', 'I', 'will', 'clarify', 'the', 'terms', 'they', 'are', 'agreeing', 'to', 'and', 'then', 'discuss', 'next', 'steps', 'with', 'my', 'committee', 'members', '.', '""']","['O', 'O', 'O', 'O', 'O', 'O', 'O', 'O', 'O', 'O', 'O', 'O', 'O', 'O', 'O', 'O', 'O', 'O', 'O', 'O', 'O']"
"['His', 'past', 'breaking', 'news', 'coverage', 'has', 'spanned', 'across', 'a', 'range', 'of', 'topics', 'like', 'the', 'Black', 'Lives', 'Matter', 'movement', ';', 'the', 'US', 'elections', ';', 'the', '2021', 'Capitol', 'riots', 'and', 'their', 'follow', 'up', 'probes', ';', 'the', 'Brexit', 'deal', ';', 'US', 'China', 'trade', 'tensions', ';', 'the', 'NATO', 'withdrawal', 'from', 'Afghanistan', ';', 'the', 'COVID', '19', 'pandemic', ';', 'and', 'a', '2019', 'Supreme', 'Court', 'verdict', 'on', 'a', 'religious', 'dispute', 'site', 'in', 'his', 'native', 'India', '.']","['O', 'O', 'O', 'O', 'O', 'O', 'O', 'O', 'O', 'O', 'O', 'O', 'O', 'O', 'B-ORG', 'I-ORG', 'I-ORG', 'O', 'O', 'O', 'B-GPE', 'O', 'O', 'O', 'B-DATE', 'B-LOC', 'O', 'O', 'O', 'O', 'O', 'O', 'O', 'O', 'O', 'O', 'O', 'O', 'O', 'B-GPE', 'I-GPE', 'O', 'O', 'O', 'O', 'B-ORG', 'O', 'O', 'B-GPE', 'O', 'O', 'B-DATE', 'I-DATE', 'O', 'O', 'O', 'B-DATE', 'B-ORG', 'I-ORG', 'O', 'O', 'O', 'O', 'O', 'O', 'B-GPE', 'O', 'O', 'O']"
"['Summary', 'Companies', 'The', 'deal', 'is', 'the', 'biggest', 'M', 'A', 'transaction', 'of', 'all', 'time', 'Deal', 'values', 'xAI', 'at', '250', 'billion', ',', 'SpaceX', 'at', '1', 'trillion', 'Merger', 'consolidates', 'Musk', 's', 'empire', 'ahead', 'of', 'SpaceX', 'IPO', 'Feb', '2', '(', 'Reuters', ')', 'Elon', 'Musk', 'said', 'on', 'Monday', 'that', 'SpaceX', 'has', 'acquired', 'his', 'artificial', 'intelligence', 'startup', 'xAI', 'in', 'a', 'record', 'setting', 'deal', 'that', 'unifies', ""Musk's"", 'AI', 'and', 'space', 'ambitions', 'by', 'combining', 'the', 'rocket', 'and', 'satellite', 'company', 'with', 'the', 'maker', 'of', 'the', 'Grok', 'chatbot', '.']","['O', 'O', 'O', 'O', 'O', 'O', 'O', 'B-PRODUCT', 'I-PRODUCT', 'O', 'O', 'O', 'O', 'O', 'O', 'B-ORG', 'O', 'B-MONEY', 'I-MONEY', 'O', 'B-ORG', 'O', 'B-MONEY', 'I-MONEY', 'O', 'O', 'B-PERSON', 'O', 'O', 'O', 'B-ORG', 'O', 'B-DATE', 'I-DATE', 'O', 'B-ORG', 'O', 'B-PERSON', 'I-PERSON', 'O', 'O', 'B-ORG', 'O', 'O', 'O', 'O', 'O', 'O', 'B-ORG', 'O', 'O', 'O', 'O', 'O', 'O', 'O', 'B-PERSON', 'O', 'O', 'O', 'O', 'O', 'O', 'O', 'O', 'B-PRODUCT', 'O', 'O', 'O', 'O', 'O', 'O', 'O', 'O', 'O', 'O', 'B-PRODUCT', 'O', 'O']"
"['The', 'deal', ',', 'first', 'reported', 'by', 'Reuters', 'last', 'week', ',', 'represents', 'one', 'of', 'the', 'most', 'ambitious', 'tie', 'ups', 'in', 'the', 'technology', 'sector', 'yet', ',', 'combining', 'a', 'space', 'and', 'defense', 'contractor', 'with', 'a', 'fast', 'growing', 'AI', 'developer', 'whose', 'costs', 'are', 'largely', 'driven', 'by', 'chips', ',', 'data', 'centers', 'and', 'energy', '.']","['O', 'O', 'O', 'O', 'O', 'O', 'B-ORG', 'O', 'O', 'O', 'O', 'O', 'O', 'O', 'O', 'O', 'O', 'O', 'O', 'O', 'O', 'O', 'O', 'O', 'O', 'O', 'O', 'O', 'O', 'O', 'O', 'O', 'O', 'B-PRODUCT', 'O', 'O', 'O', 'O', 'O', 'O', 'O', 'O', 'O', 'O', 'O', 'O', 'O', 'O', 'O']"
"['It', 'could', 'also', 'bolster', 'SpaceX', 's', 'data', 'center', 'ambitions', 'as', 'Musk', 'competes', 'with', 'rivals', 'like', ""Alphabet's"", '(', 'GOOGL', '.', 'O', ')', ',', 'opens', 'new', 'tab', 'Google', ',', 'Meta', '(', 'META', '.', 'O', ')', ',', 'opens', 'new', 'tab', ',', 'Amazon', '(', 'AMZN', '.', 'O', ')', ',', 'opens', 'new', 'tab', 'backed', 'Anthropic', 'and', 'OpenAI', 'in', 'the', 'AI', 'sector', '.']","['O', 'O', 'O', 'O', 'B-ORG', 'O', 'O', 'O', 'O', 'O', 'B-PERSON', 'O', 'O', 'O', 'O', 'B-ORG', 'O', 'B-ORG', 'O', 'O', 'O', 'O', 'O', 'O', 'O', 'B-ORG', 'O', 'B-ORG', 'O', 'B-ORG', 'O', 'O', 'O', 'O', 'O', 'O', 'O', 'O', 'B-ORG', 'O', 'B-ORG', 'O', 'O', 'O', 'O', 'O', 'O', 'O', 'O', 'B-ORG', 'O', 'B-ORG', 'O', 'O', 'O', 'O', 'O']"
"['Get', 'a', 'daily', 'digest', 'of', 'breaking', 'business', 'news', 'straight', 'to', 'your', 'inbox', 'with', 'the', 'Reuters', 'Business', 'newsletter', '.']","['O', 'O', 'B-DATE', 'O', 'O', 'O', 'O', 'O', 'O', 'O', 'O', 'O', 'O', 'O', 'B-ORG', 'I-ORG', 'O', 'O']"
"['The', 'transaction', 'values', 'SpaceX', 'at', '1', 'trillion', ',', 'and', 'xAI', 'at', '250', 'billion', ',', 'according', 'to', 'a', 'person', 'familiar', 'with', 'the', 'matter', '.']","['O', 'O', 'O', 'B-ORG', 'O', 'B-MONEY', 'I-MONEY', 'O', 'O', 'B-ORG', 'O', 'B-MONEY', 'I-MONEY', 'O', 'O', 'O', 'O', 'O', 'O', 'O', 'O', 'O', 'O']"
"['Investors', 'in', 'xAI', 'will', 'receive', '0', '.', '1433', 'shares', 'of', 'SpaceX', 'for', 'every', 'share', 'of', 'xAI', 'as', 'part', 'of', 'the', 'acquisition', ',', 'this', 'person', 'said', '.']","['O', 'O', 'B-ORG', 'O', 'O', 'B-CARDINAL', 'I-CARDINAL', 'I-CARDINAL', 'O', 'O', 'B-ORG', 'O', 'O', 'O', 'O', 'B-ORG', 'O', 'O', 'O', 'O', 'O', 'O', 'O', 'O', 'O', 'O']"
"['Some', 'xAI', 'executives', 'may', 'also', 'opt', 'for', 'cash', 'instead', 'of', 'SpaceX', 'stock', 'at', '75', '.', '46', 'per', 'share', ',', 'the', 'person', 'said', '.']","['O', 'B-ORG', 'O', 'O', 'O', 'O', 'O', 'O', 'O', 'O', 'B-ORG', 'O', 'O', 'B-MONEY', 'I-MONEY', 'I-MONEY', 'O', 'O', 'O', 'O', 'O', 'O', 'O']"
"['""', 'This', 'marks', 'not', 'just', 'the', 'next', 'chapter', ',', 'but', 'the', 'next', 'book', 'in', 'SpaceX', 'and', ""xAI's"", 'mission', ':', 'scaling', 'to', 'make', 'a', 'sentient', 'sun', 'to', 'understand', 'the', 'Universe', 'and', 'extend', 'the', 'light', 'of', 'consciousness', 'to', 'the', 'stars', '!', '""']","['O', 'O', 'O', 'O', 'O', 'O', 'O', 'O', 'O', 'O', 'O', 'O', 'O', 'O', 'B-ORG', 'O', 'B-ORG', 'O', 'O', 'O', 'O', 'O', 'O', 'O', 'O', 'O', 'O', 'O', 'O', 'O', 'O', 'O', 'O', 'O', 'O', 'O', 'O', 'O', 'O', 'O']"
"['DEAL', 'BREAKS', 'RECORD', 'HELD', 'BY', 'VODAFONE', 'FOR', ""WORLD'S"", 'TOP', 'M', 'amp', ';', 'A', 'The', 'purchase', 'of', 'xAI', 'sets', 'a', 'new', 'record', 'for', 'the', ""world's"", 'largest', 'M', 'A', 'deal', ',', 'a', 'distinction', 'held', 'for', 'more', 'than', '25', 'years', 'when', 'Vodafone', '(', 'VOD', '.', 'L', ')', ',', 'opens', 'new', 'tab', 'bought', 'Germany', 's', 'Mannesmann', 'in', 'a', 'hostile', 'takeover', 'valued', 'at', '203', 'billion', 'in', '2000', ',', 'according', 'to', 'data', 'compiled', 'by', 'LSEG', '.']","['O', 'O', 'O', 'O', 'O', 'B-ORG', 'O', 'O', 'O', 'O', 'O', 'O', 'O', 'O', 'O', 'O', 'B-ORG', 'O', 'O', 'O', 'O', 'O', 'O', 'O', 'O', 'O', 'O', 'O', 'O', 'O', 'O', 'O', 'B-DATE', 'I-DATE', 'I-DATE', 'I-DATE', 'I-DATE', 'O', 'B-ORG', 'O', 'B-ORG', 'O', 'O', 'O', 'O', 'O', 'O', 'O', 'O', 'B-GPE', 'O', 'B-ORG', 'O', 'O', 'O', 'O', 'O', 'O', 'B-MONEY', 'I-MONEY', 'O', 'B-DATE', 'O', 'O', 'O', 'O', 'O', 'O', 'B-ORG', 'O']"
"['The', 'combined', 'company', 'of', 'SpaceX', 'and', 'xAI', 'is', 'expected', 'to', 'price', 'shares', 'at', 'about', '527', 'each', ',', 'another', 'person', 'familiar', 'with', 'the', 'matter', 'said', '.']","['O', 'O', 'O', 'O', 'B-ORG', 'O', 'B-ORG', 'O', 'O', 'O', 'O', 'O', 'O', 'O', 'B-MONEY', 'O', 'O', 'O', 'O', 'O', 'O', 'O', 'O', 'O', 'O']"
"['SpaceX', 'was', 'already', 'the', ""world's"", 'most', 'valuable', 'privately', 'held', 'company', ',', 'last', 'valued', 'at', '800', 'billion', 'in', 'a', 'recent', 'insider', 'share', 'sale', '.']","['B-ORG', 'O', 'O', 'O', 'O', 'O', 'O', 'O', 'O', 'O', 'O', 'O', 'O', 'O', 'B-MONEY', 'I-MONEY', 'O', 'O', 'O', 'O', 'O', 'O', 'O']"
"['XAI', 'was', 'last', 'valued', 'at', '230', 'billion', 'in', 'November', ',', 'according', 'to', 'the', 'Wall', 'Street', 'Journal', '.']","['B-ORG', 'O', 'O', 'O', 'O', 'B-MONEY', 'I-MONEY', 'O', 'B-DATE', 'O', 'O', 'O', 'O', 'B-ORG', 'I-ORG', 'I-ORG', 'O']"
"['The', 'merger', 'comes', 'as', 'the', 'space', 'company', 'plans', 'a', 'blockbuster', 'public', 'offering', 'this', 'year', 'that', 'could', 'value', 'it', 'at', 'over', '1', '.', '5', 'trillion', ',', 'two', 'people', 'familiar', 'with', 'the', 'matter', 'said', '.']","['O', 'O', 'O', 'O', 'O', 'O', 'O', 'O', 'O', 'O', 'O', 'O', 'B-DATE', 'I-DATE', 'O', 'O', 'O', 'O', 'O', 'O', 'B-MONEY', 'I-MONEY', 'I-MONEY', 'I-MONEY', 'O', 'B-CARDINAL', 'O', 'O', 'O', 'O', 'O', 'O', 'O']"
"['SpaceX', ',', 'xAI', 'and', 'Musk', 'did', 'not', 'immediately', 'respond', 'to', 'requests', 'for', 'comment', '.']","['B-ORG', 'O', 'B-ORG', 'O', 'B-PERSON', 'O', 'O', 'O', 'O', 'O', 'O', 'O', 'O', 'O']"
"['The', 'deal', 'further', 'consolidates', ""Musk's"", 'far', 'flung', 'business', 'empire', 'and', 'fortunes', 'into', 'a', 'tighter', ',', 'mutually', 'reinforcing', 'ecosystem', 'what', 'some', 'investors', 'and', 'analysts', 'informally', 'call', 'the', '""', 'Muskonomy', '""', 'which', 'already', 'includes', 'Tesla', '(', 'TSLA', '.', 'O', ')', ',', 'opens', 'new', 'tab', ',', 'brain', 'chip', 'maker', 'Neuralink', 'and', 'tunnel', 'firm', 'the', 'Boring', 'Company', '.']","['O', 'O', 'O', 'O', 'B-PERSON', 'O', 'O', 'O', 'O', 'O', 'O', 'O', 'O', 'O', 'O', 'O', 'O', 'O', 'O', 'O', 'O', 'O', 'O', 'O', 'O', 'O', 'O', 'O', 'O', 'O', 'O', 'O', 'B-ORG', 'O', 'B-ORG', 'O', 'O', 'O', 'O', 'O', 'O', 'O', 'O', 'O', 'O', 'O', 'B-ORG', 'O', 'O', 'O', 'B-ORG', 'I-ORG', 'I-ORG', 'O']"
"['""', 'Starlink', 'was', 'already', 'a', 'cash', 'flow', 'engine', 'and', 'now', 'it', 'adds', 'an', 'AI', 'revenue', 'layer', 'on', 'top', 'while', 'also', 'becoming', 'a', 'distribution', 'surface', 'for', 'AI', 'services', 'and', 'data', ',', '""', 'said', 'Ali', 'Javaheri', ',', 'PitchBook', 'Senior', 'Emerging', 'Spaces', 'Analyst', '.']","['O', 'B-ORG', 'O', 'O', 'O', 'O', 'O', 'O', 'O', 'O', 'O', 'O', 'O', 'O', 'O', 'O', 'O', 'O', 'O', 'O', 'O', 'O', 'O', 'O', 'O', 'O', 'O', 'O', 'O', 'O', 'O', 'O', 'B-PERSON', 'I-PERSON', 'O', 'B-ORG', 'O', 'O', 'O', 'O', 'O']"
"['""', 'With', 'policy', 'changes', 'that', 'allow', 'certain', 'customer', 'data', 'to', 'be', 'used', 'for', 'model', 'training', 'and', 'the', 'prospect', 'of', 'orbital', 'data', 'centers', ',', 'SpaceX', 'is', 'positioning', 'itself', 'as', 'an', 'integrated', 'infrastructure', 'platform', 'that', 'can', 'serve', 'commercial', 'and', 'government', 'use', 'cases', ',', 'which', 'is', 'a', 'much', 'stronger', 'narrative', 'heading', 'into', 'a', 'public', 'offering', '.', '""']","['O', 'O', 'O', 'O', 'O', 'O', 'O', 'O', 'O', 'O', 'O', 'O', 'O', 'O', 'O', 'O', 'O', 'O', 'O', 'O', 'O', 'O', 'O', 'B-ORG', 'O', 'O', 'O', 'O', 'O', 'O', 'O', 'O', 'O', 'O', 'O', 'O', 'O', 'O', 'O', 'O', 'O', 'O', 'O', 'O', 'O', 'O', 'O', 'O', 'O', 'O', 'O', 'O', 'O', 'O']"
"['DEAL', 'COULD', 'DRAW', 'REGULATORY', 'SCRUTINY', 'The', ""world's"", 'richest', 'man', 'has', 'a', 'history', 'of', 'merging', 'his', 'ventures', 'together', '.']","['O', 'O', 'O', 'O', 'O', 'O', 'O', 'O', 'O', 'O', 'O', 'O', 'O', 'O', 'O', 'O', 'O', 'O']"
"['Musk', 'folded', 'social', 'media', 'platform', 'X', 'into', 'xAI', 'through', 'a', 'share', 'swap', 'last', 'year', ',', 'giving', 'the', 'AI', 'startup', 'access', 'to', 'the', 'platform', 's', 'data', 'and', 'distribution', '.']","['B-PERSON', 'O', 'O', 'O', 'O', 'B-ORG', 'O', 'B-ORG', 'O', 'O', 'O', 'O', 'B-DATE', 'I-DATE', 'O', 'O', 'O', 'O', 'O', 'O', 'O', 'O', 'O', 'O', 'O', 'O', 'O', 'O']"
"['In', '2016', ',', 'he', 'used', ""Tesla's"", 'stock', 'to', 'buy', 'his', 'solar', 'energy', 'company', 'SolarCity', '.']","['O', 'B-DATE', 'O', 'O', 'O', 'B-ORG', 'O', 'O', 'O', 'O', 'O', 'O', 'O', 'B-ORG', 'O']"
"['The', 'agreement', 'could', 'draw', 'scrutiny', 'from', 'regulators', 'and', 'investors', 'over', 'governance', ',', 'valuation', 'and', 'conflicts', 'of', 'interest', 'given', ""Musk's"", 'overlapping', 'leadership', 'roles', 'across', 'multiple', 'firms', ',', 'as', 'well', 'as', 'the', 'potential', 'movement', 'of', 'engineers', ',', 'proprietary', 'technology', 'and', 'contracts', 'between', 'entities', '.']","['O', 'O', 'O', 'O', 'O', 'O', 'O', 'O', 'O', 'O', 'O', 'O', 'O', 'O', 'O', 'O', 'O', 'O', 'B-PERSON', 'O', 'O', 'O', 'O', 'O', 'O', 'O', 'O', 'O', 'O', 'O', 'O', 'O', 'O', 'O', 'O', 'O', 'O', 'O', 'O', 'O', 'O', 'O']"
"['SpaceX', 'also', 'holds', 'billions', 'of', 'dollars', 'in', 'federal', 'contracts', 'with', 'NASA', ',', 'the', 'Department', 'of', 'Defense', 'and', 'intelligence', 'agencies', ',', 'which', 'all', 'have', 'some', 'authority', 'to', 'review', 'M', 'A', 'transactions', 'for', 'national', 'security', 'and', 'other', 'risks', '.']","['B-ORG', 'O', 'O', 'B-MONEY', 'I-MONEY', 'I-MONEY', 'O', 'O', 'O', 'O', 'B-ORG', 'O', 'B-ORG', 'I-ORG', 'I-ORG', 'I-ORG', 'O', 'O', 'O', 'O', 'O', 'O', 'O', 'O', 'O', 'O', 'O', 'O', 'O', 'O', 'O', 'O', 'O', 'O', 'O', 'O', 'O']"
"['Joey', 'Roulette', 'is', 'a', 'space', 'reporter', 'for', 'Reuters', 'covering', 'the', 'business', 'and', 'politics', 'of', 'the', 'global', 'space', 'industry', ',', 'often', 'focusing', 'on', 'space', 'power', 'competition', 'and', 'how', 'commercial', 'interests', 'intersect', 'with', 'international', 'relations', '.']","['B-PERSON', 'I-PERSON', 'O', 'O', 'O', 'O', 'O', 'B-ORG', 'O', 'O', 'O', 'O', 'O', 'O', 'O', 'O', 'O', 'O', 'O', 'O', 'O', 'O', 'O', 'O', 'O', 'O', 'O', 'O', 'O', 'O', 'O', 'O', 'O', 'O']"
"['He', 'was', 'part', 'of', 'a', 'team', 'that', 'won', 'the', '2024', 'Pulitzer', 'Prize', 'in', 'national', 'reporting', 'for', ""Reuters'"", 'coverage', 'of', 'Elon', ""Musk's"", 'business', 'empire', '.']","['O', 'O', 'O', 'O', 'O', 'O', 'O', 'O', 'O', 'B-DATE', 'B-WORK_OF_ART', 'I-WORK_OF_ART', 'O', 'O', 'O', 'O', 'B-ORG', 'O', 'O', 'B-PERSON', 'I-PERSON', 'O', 'O', 'O']"
"['On', 'the', 'space', 'beat', 'for', 'roughly', 'a', 'decade', ',', 'Joey', 'previously', 'worked', 'for', 'the', 'New', 'York', 'Times', ',', 'the', 'Verge', ',', 'and', 'various', 'publications', 'in', 'Florida', '.']","['O', 'O', 'O', 'O', 'O', 'B-DATE', 'I-DATE', 'I-DATE', 'O', 'B-PERSON', 'O', 'O', 'O', 'O', 'B-ORG', 'I-ORG', 'I-ORG', 'O', 'O', 'B-ORG', 'O', 'O', 'O', 'O', 'O', 'B-GPE', 'O']"
"['Summary', 'Companies', 'OpenAI', 'seeks', 'alternatives', 'to', 'Nvidia', 'for', 'AI', 'inference', 'chips', ""Nvidia's"", '100', 'billion', 'investment', 'in', 'OpenAI', 'delayed', 'OpenAI', 'explored', 'deals', 'with', 'AMD', ',', 'Cerebras', ',', 'and', 'Groq', 'SAN', 'FRANCISCO', ',', 'Feb', '2', '(', 'Reuters', ')', 'OpenAI', 'is', 'unsatisfied', 'with', 'some', 'of', 'Nvidia', 's', 'latest', 'artificial', 'intelligence', 'chips', ',', 'and', 'it', 'has', 'sought', 'alternatives', 'since', 'last', 'year', ',', 'eight', 'sources', 'familiar', 'with', 'the', 'matter', 'said', ',', 'potentially', 'complicating', 'the', 'relationship', 'between', 'the', 'two', 'highest', 'profile', 'players', 'in', 'the', 'AI', 'boom', '.']","['O', 'O', 'B-ORG', 'O', 'O', 'O', 'B-ORG', 'O', 'O', 'O', 'O', 'B-ORG', 'B-MONEY', 'I-MONEY', 'O', 'O', 'B-ORG', 'O', 'B-ORG', 'O', 'O', 'O', 'B-ORG', 'O', 'B-ORG', 'O', 'O', 'B-ORG', 'B-GPE', 'I-GPE', 'O', 'B-DATE', 'I-DATE', 'O', 'B-ORG', 'O', 'B-ORG', 'O', 'O', 'O', 'O', 'O', 'B-ORG', 'O', 'O', 'O', 'O', 'O', 'O', 'O', 'O', 'O', 'O', 'O', 'B-DATE', 'I-DATE', 'I-DATE', 'O', 'B-CARDINAL', 'O', 'O', 'O', 'O', 'O', 'O', 'O', 'O', 'O', 'O', 'O', 'O', 'O', 'B-CARDINAL', 'O', 'O', 'O', 'O', 'O', 'O', 'O', 'O']"
"['The', 'ChatGPT', 'maker', 's', 'shift', 'in', 'strategy', ',', 'the', 'details', 'of', 'which', 'are', 'first', 'reported', 'here', ',', 'is', 'over', 'an', 'increasing', 'emphasis', 'on', 'chips', 'used', 'to', 'perform', 'specific', 'elements', 'of', 'AI', 'inference', ',', 'the', 'process', 'when', 'an', 'AI', 'model', 'such', 'as', 'the', 'one', 'that', 'powers', 'the', 'ChatGPT', 'app', 'responds', 'to', 'customer', 'queries', 'and', 'requests', '.']","['O', 'B-PRODUCT', 'O', 'O', 'O', 'O', 'O', 'O', 'O', 'O', 'O', 'O', 'O', 'B-ORDINAL', 'O', 'O', 'O', 'O', 'O', 'O', 'O', 'O', 'O', 'O', 'O', 'O', 'O', 'O', 'O', 'O', 'O', 'O', 'O', 'O', 'O', 'O', 'O', 'O', 'O', 'O', 'O', 'O', 'O', 'O', 'O', 'O', 'B-PRODUCT', 'O', 'O', 'O', 'O', 'O', 'O', 'O', 'O']"
"['Nvidia', 'remains', 'dominant', 'in', 'chips', 'for', 'training', 'large', 'AI', 'models', ',', 'while', 'inference', 'has', 'become', 'a', 'new', 'front', 'in', 'the', 'competition', '.']","['B-ORG', 'O', 'O', 'O', 'O', 'O', 'O', 'O', 'O', 'O', 'O', 'O', 'O', 'O', 'O', 'O', 'O', 'O', 'O', 'O', 'O', 'O']"
"['This', 'decision', 'by', 'OpenAI', 'and', 'others', 'to', 'seek', 'out', 'alternatives', 'in', 'the', 'inference', 'chip', 'market', 'marks', 'a', 'significant', 'test', 'of', 'Nvidia', 's', 'AI', 'dominance', 'and', 'comes', 'as', 'the', 'two', 'companies', 'are', 'in', 'investment', 'talks', '.']","['O', 'O', 'O', 'B-ORG', 'O', 'O', 'O', 'O', 'O', 'O', 'O', 'O', 'O', 'O', 'O', 'O', 'O', 'O', 'O', 'O', 'B-ORG', 'O', 'O', 'O', 'O', 'O', 'O', 'O', 'B-CARDINAL', 'O', 'O', 'O', 'O', 'O', 'O']"
"['In', 'September', ',', 'Nvidia', 'said', 'it', 'intended', 'to', 'pour', 'as', 'much', 'as', '100', 'billion', 'into', 'OpenAI', 'as', 'part', 'of', 'a', 'deal', 'that', 'gave', 'the', 'chipmaker', 'a', 'stake', 'in', 'the', 'startup', 'and', 'gave', 'OpenAI', 'the', 'cash', 'it', 'needed', 'to', 'buy', 'the', 'advanced', 'chips', '.']","['O', 'B-DATE', 'O', 'B-ORG', 'O', 'O', 'O', 'O', 'O', 'O', 'O', 'O', 'B-MONEY', 'I-MONEY', 'O', 'B-ORG', 'O', 'O', 'O', 'O', 'O', 'O', 'O', 'O', 'O', 'O', 'O', 'O', 'O', 'O', 'O', 'O', 'B-ORG', 'O', 'O', 'O', 'O', 'O', 'O', 'O', 'O', 'O', 'O']"
"['The', 'deal', 'had', 'been', 'expected', 'to', 'close', 'within', 'weeks', ',', 'Reuters', 'reported', '.']","['O', 'O', 'O', 'O', 'O', 'O', 'O', 'B-DATE', 'I-DATE', 'O', 'B-ORG', 'O', 'O']"
"['During', 'that', 'time', ',', 'OpenAI', 'has', 'struck', 'deals', 'with', 'AMD', '(', 'AMD', '.', 'O', ')', ',', 'opens', 'new', 'tab', 'and', 'others', 'for', 'GPUs', 'built', 'to', 'rival', 'Nvidia', 's', '.']","['O', 'O', 'O', 'O', 'B-ORG', 'O', 'O', 'O', 'O', 'B-ORG', 'O', 'B-ORG', 'O', 'O', 'O', 'O', 'O', 'O', 'O', 'O', 'O', 'O', 'B-PRODUCT', 'O', 'O', 'O', 'B-ORG', 'O', 'O']"
"['But', 'its', 'shifting', 'product', 'road', 'map', 'also', 'has', 'changed', 'the', 'kind', 'of', 'computational', 'resources', 'it', 'requires', 'and', 'bogged', 'down', 'talks', 'with', 'Nvidia', ',', 'a', 'person', 'familiar', 'with', 'the', 'matter', 'said', '.']","['O', 'O', 'O', 'O', 'O', 'O', 'O', 'O', 'O', 'O', 'O', 'O', 'O', 'O', 'O', 'O', 'O', 'O', 'O', 'O', 'O', 'B-ORG', 'O', 'O', 'O', 'O', 'O', 'O', 'O', 'O', 'O']"
"['On', 'Saturday', ',', 'Nvidia', 'CEO', 'Jensen', 'Huang', 'brushed', 'off', 'a', 'report', 'of', 'tension', 'with', 'OpenAI', ',', 'saying', 'the', 'idea', 'was', 'nonsense', 'and', 'that', 'Nvidia', 'planned', 'a', 'huge', 'investment', 'in', 'OpenAI', '.']","['O', 'B-DATE', 'O', 'B-ORG', 'O', 'B-PERSON', 'I-PERSON', 'O', 'O', 'O', 'O', 'O', 'O', 'O', 'B-ORG', 'O', 'O', 'O', 'O', 'O', 'O', 'O', 'O', 'B-ORG', 'O', 'O', 'O', 'O', 'O', 'B-ORG', 'O']"
"['""', 'Customers', 'continue', 'to', 'choose', 'NVIDIA', 'for', 'inference', 'because', 'we', 'deliver', 'the', 'best', 'performance', 'and', 'total', 'cost', 'of', 'ownership', 'at', 'scale', ',', '""', 'Nvidia', 'said', 'in', 'a', 'statement', '.']","['O', 'O', 'O', 'O', 'O', 'B-ORG', 'O', 'O', 'O', 'O', 'O', 'O', 'O', 'O', 'O', 'O', 'O', 'O', 'O', 'O', 'O', 'O', 'O', 'B-ORG', 'O', 'O', 'O', 'O', 'O']"
"['A', 'spokesperson', 'for', 'OpenAI', 'in', 'a', 'separate', 'statement', 'said', 'the', 'company', 'relies', 'on', 'Nvidia', 'to', 'power', 'the', 'vast', 'majority', 'of', 'its', 'inference', 'fleet', 'and', 'that', 'Nvidia', 'delivers', 'the', 'best', 'performance', 'per', 'dollar', 'for', 'inference', '.']","['O', 'O', 'O', 'B-ORG', 'O', 'O', 'O', 'O', 'O', 'O', 'O', 'O', 'O', 'B-ORG', 'O', 'O', 'O', 'O', 'O', 'O', 'O', 'O', 'O', 'O', 'O', 'B-ORG', 'O', 'O', 'O', 'O', 'O', 'O', 'O', 'O', 'O']"
"['After', 'the', 'Reuters', 'story', 'was', 'published', ',', 'OpenAI', 'Chief', 'Executive', 'Sam', 'Altman', 'wrote', 'in', 'a', 'post', 'on', 'X', 'that', 'Nvidia', 'makes', 'the', 'best', 'AI', 'chips', 'in', 'the', 'world', 'and', 'that', 'OpenAI', 'hoped', 'to', 'remain', 'a', '""', 'gigantic', 'customer', 'for', 'a', 'very', 'long', 'time', '""', '.']","['O', 'O', 'B-ORG', 'O', 'O', 'O', 'O', 'B-ORG', 'O', 'O', 'B-PERSON', 'I-PERSON', 'O', 'O', 'O', 'O', 'O', 'B-ORG', 'O', 'B-ORG', 'O', 'O', 'O', 'O', 'O', 'O', 'O', 'O', 'O', 'O', 'B-ORG', 'O', 'O', 'O', 'O', 'O', 'O', 'O', 'O', 'O', 'O', 'O', 'O', 'O', 'O']"
"['Seven', 'sources', 'said', 'that', 'OpenAI', 'is', 'not', 'satisfied', 'with', 'the', 'speed', 'at', 'which', 'Nvidia', 's', 'hardware', 'can', 'spit', 'out', 'answers', 'to', 'ChatGPT', 'users', 'for', 'specific', 'types', 'of', 'problems', 'such', 'as', 'software', 'development', 'and', 'AI', 'communicating', 'with', 'other', 'software', '.']","['B-CARDINAL', 'O', 'O', 'O', 'B-ORG', 'O', 'O', 'O', 'O', 'O', 'O', 'O', 'O', 'B-ORG', 'O', 'O', 'O', 'O', 'O', 'O', 'O', 'B-PRODUCT', 'O', 'O', 'O', 'O', 'O', 'O', 'O', 'O', 'O', 'O', 'O', 'O', 'O', 'O', 'O', 'O', 'O']"
"['It', 'needs', 'new', 'hardware', 'that', 'would', 'eventually', 'provide', 'about', '10', 'of', 'OpenAI', 's', 'inference', 'computing', 'needs', 'in', 'the', 'future', ',', 'one', 'of', 'the', 'sources', 'told', 'Reuters', '.']","['O', 'O', 'O', 'O', 'O', 'O', 'O', 'O', 'B-QUANTITY', 'I-QUANTITY', 'O', 'B-ORG', 'O', 'O', 'O', 'O', 'O', 'O', 'O', 'O', 'B-CARDINAL', 'O', 'O', 'O', 'O', 'B-ORG', 'O']"
"['The', 'ChatGPT', 'maker', 'has', 'discussed', 'working', 'with', 'startups', 'including', 'Cerebras', 'and', 'Groq', 'to', 'provide', 'chips', 'for', 'faster', 'inference', ',', 'two', 'sources', 'said', '.']","['O', 'B-PRODUCT', 'O', 'O', 'O', 'O', 'O', 'O', 'O', 'B-ORG', 'O', 'B-ORG', 'O', 'O', 'O', 'O', 'O', 'O', 'O', 'B-CARDINAL', 'O', 'O', 'O']"
"['But', 'Nvidia', 'struck', 'a', '20', 'billion', 'licensing', 'deal', 'with', 'Groq', 'that', 'shut', 'down', 'OpenAI', 's', 'talks', ',', 'one', 'of', 'the', 'sources', 'told', 'Reuters', '.']","['O', 'B-ORG', 'O', 'O', 'B-MONEY', 'I-MONEY', 'O', 'O', 'O', 'B-ORG', 'O', 'O', 'O', 'B-ORG', 'O', 'O', 'O', 'B-CARDINAL', 'O', 'O', 'O', 'O', 'B-ORG', 'O']"
"[""Nvidia's"", 'decision', 'to', 'snap', 'up', 'at', 'Groq', 'looked', 'like', 'an', 'effort', 'to', 'shore', 'up', 'a', 'portfolio', 'of', 'technology', 'to', 'better', 'compete', 'in', 'a', 'rapidly', 'changing', 'AI', 'industry', ',', 'chip', 'industry', 'executives', 'said', '.']","['B-ORG', 'O', 'O', 'O', 'O', 'O', 'B-ORG', 'O', 'O', 'O', 'O', 'O', 'O', 'O', 'O', 'O', 'O', 'O', 'O', 'O', 'O', 'O', 'O', 'O', 'O', 'O', 'O', 'O', 'O', 'O', 'O', 'O', 'O']"
"['Nvidia', ',', 'in', 'a', 'statement', ',', 'said', 'that', ""Groq's"", 'intellectual', 'property', 'was', 'highly', 'complementary', 'to', ""Nvidia's"", 'product', 'roadmap', '.']","['B-ORG', 'O', 'O', 'O', 'O', 'O', 'O', 'O', 'B-ORG', 'O', 'O', 'O', 'O', 'O', 'O', 'B-ORG', 'O', 'O', 'O']"
"['NVIDIA', 'ALTERNATIVES', 'Nvidia', 's', 'graphics', 'processing', 'chips', 'are', 'well', 'suited', 'for', 'massive', 'data', 'crunching', 'necessary', 'to', 'train', 'large', 'AI', 'models', 'like', 'ChatGPT', 'that', 'have', 'underpinned', 'the', 'explosive', 'growth', 'of', 'AI', 'globally', 'to', 'date', '.']","['B-ORG', 'O', 'B-ORG', 'O', 'O', 'O', 'O', 'O', 'O', 'O', 'O', 'O', 'O', 'O', 'O', 'O', 'O', 'O', 'O', 'O', 'O', 'B-PRODUCT', 'O', 'O', 'O', 'O', 'O', 'O', 'O', 'O', 'O', 'O', 'O', 'O']"
"['But', 'AI', 'advancements', 'increasingly', 'focus', 'on', 'using', 'trained', 'models', 'for', 'inference', 'and', 'reasoning', ',', 'which', 'could', 'be', 'a', 'new', ',', 'bigger', 'stage', 'of', 'AI', ',', 'inspiring', ""OpenAI's"", 'efforts', '.']","['O', 'O', 'O', 'O', 'O', 'O', 'O', 'O', 'O', 'O', 'O', 'O', 'O', 'O', 'O', 'O', 'O', 'O', 'O', 'O', 'O', 'O', 'O', 'O', 'O', 'O', 'B-ORG', 'O', 'O']"
"['The', 'ChatGPT', 'maker', 's', 'search', 'for', 'GPU', 'alternatives', 'since', 'last', 'year', 'focused', 'on', 'companies', 'building', 'chips', 'with', 'large', 'amounts', 'of', 'memory', 'embedded', 'in', 'the', 'same', 'piece', 'of', 'silicon', 'as', 'the', 'rest', 'of', 'the', 'chip', ',', 'called', 'SRAM', '.']","['O', 'B-PRODUCT', 'O', 'O', 'O', 'O', 'O', 'O', 'B-DATE', 'I-DATE', 'I-DATE', 'O', 'O', 'O', 'O', 'O', 'O', 'O', 'O', 'O', 'O', 'O', 'O', 'O', 'O', 'O', 'O', 'O', 'O', 'O', 'O', 'O', 'O', 'O', 'O', 'O', 'O', 'O']"
"['Squishing', 'as', 'much', 'costly', 'SRAM', 'as', 'possible', 'onto', 'each', 'chip', 'can', 'offer', 'speed', 'advantages', 'for', 'chatbots', 'and', 'other', 'AI', 'systems', 'as', 'they', 'crunch', 'requests', 'from', 'millions', 'of', 'users', '.']","['O', 'O', 'O', 'O', 'O', 'O', 'O', 'O', 'O', 'O', 'O', 'O', 'O', 'O', 'O', 'O', 'O', 'O', 'O', 'O', 'O', 'O', 'O', 'O', 'O', 'B-CARDINAL', 'O', 'O', 'O']"
"['Inference', 'requires', 'more', 'memory', 'than', 'training', 'because', 'the', 'chip', 'needs', 'to', 'spend', 'relatively', 'more', 'time', 'fetching', 'data', 'from', 'memory', 'than', 'performing', 'mathematical', 'operations', '.']","['O', 'O', 'O', 'O', 'O', 'O', 'O', 'O', 'O', 'O', 'O', 'O', 'O', 'O', 'O', 'O', 'O', 'O', 'O', 'O', 'O', 'O', 'O', 'O']"
"['Nvidia', 'and', 'AMD', 'GPU', 'technology', 'relies', 'on', 'external', 'memory', ',', 'which', 'adds', 'processing', 'time', 'and', 'slows', 'how', 'quickly', 'users', 'can', 'interact', 'with', 'a', 'chatbot', '.']","['B-ORG', 'O', 'B-ORG', 'B-PRODUCT', 'O', 'O', 'O', 'O', 'O', 'O', 'O', 'O', 'O', 'O', 'O', 'O', 'O', 'O', 'O', 'O', 'O', 'O', 'O', 'O', 'O']"
"['Inside', 'OpenAI', ',', 'the', 'issue', 'became', 'particularly', 'visible', 'in', 'Codex', ',', 'its', 'product', 'for', 'creating', 'computer', 'code', ',', 'which', 'the', 'company', 'has', 'been', 'aggressively', 'marketing', ',', 'one', 'of', 'the', 'sources', 'added', '.']","['O', 'B-ORG', 'O', 'O', 'O', 'O', 'O', 'O', 'O', 'B-PRODUCT', 'O', 'O', 'O', 'O', 'O', 'O', 'O', 'O', 'O', 'O', 'O', 'O', 'O', 'O', 'O', 'O', 'B-CARDINAL', 'O', 'O', 'O', 'O', 'O']"
"['OpenAI', 'staff', 'attributed', 'some', 'of', 'Codex', 's', 'weakness', 'to', 'Nvidia', 's', 'GPU', 'based', 'hardware', ',', 'one', 'source', 'said', '.']","['B-ORG', 'O', 'O', 'O', 'O', 'B-PRODUCT', 'O', 'O', 'O', 'B-ORG', 'O', 'O', 'O', 'O', 'O', 'B-CARDINAL', 'O', 'O', 'O']"
"['In', 'a', 'January', '30', 'call', 'with', 'reporters', ',', 'Altman', 'said', 'that', 'customers', 'using', 'OpenAI', 's', 'coding', 'models', 'will', 'put', 'a', 'big', 'premium', 'on', 'speed', 'for', 'coding', 'work', '.', 'One', 'way', 'OpenAI', 'will', 'meet', 'that', 'demand', 'is', 'through', 'its', 'recent', 'deal', 'with', 'Cerebras', ',', 'Altman', 'said', ',', 'adding', 'that', 'speed', 'is', 'less', 'of', 'an', 'imperative', 'for', 'casual', 'ChatGPT', 'users', '.']","['O', 'O', 'B-DATE', 'I-DATE', 'O', 'O', 'O', 'O', 'B-PERSON', 'O', 'O', 'O', 'O', 'B-ORG', 'O', 'O', 'O', 'O', 'O', 'O', 'O', 'O', 'O', 'O', 'O', 'O', 'O', 'O', 'O', 'O', 'B-ORG', 'O', 'O', 'O', 'O', 'O', 'O', 'O', 'O', 'O', 'O', 'B-ORG', 'O', 'B-PERSON', 'O', 'O', 'O', 'O', 'O', 'O', 'O', 'O', 'O', 'O', 'O', 'O', 'B-PRODUCT', 'O', 'O']"
"['Competing', 'products', 'such', 'as', 'Anthropic', 's', 'Claude', 'and', 'Google', 's', 'Gemini', 'benefit', 'from', 'deployments', 'that', 'rely', 'more', 'heavily', 'on', 'the', 'chips', 'Google', 'made', 'in', 'house', ',', 'called', 'tensor', 'processing', 'units', ',', 'or', 'TPUs', ',', 'which', 'are', 'designed', 'for', 'the', 'sort', 'of', 'calculations', 'required', 'for', 'inference', 'and', 'can', 'offer', 'performance', 'advantages', 'over', 'general', 'purpose', 'AI', 'chips', 'like', 'the', 'Nvidia', 'designed', 'GPUs', '.']","['O', 'O', 'O', 'O', 'B-ORG', 'O', 'B-PRODUCT', 'O', 'B-ORG', 'O', 'B-PRODUCT', 'O', 'O', 'O', 'O', 'O', 'O', 'O', 'O', 'O', 'O', 'B-ORG', 'O', 'O', 'O', 'O', 'O', 'B-PRODUCT', 'I-PRODUCT', 'I-PRODUCT', 'O', 'O', 'B-PRODUCT', 'O', 'O', 'O', 'O', 'O', 'O', 'O', 'O', 'O', 'O', 'O', 'O', 'O', 'O', 'O', 'O', 'O', 'O', 'O', 'O', 'O', 'O', 'O', 'O', 'B-ORG', 'O', 'B-PRODUCT', 'O']"
"['NVIDIA', 'ON', 'THE', 'MOVE', 'As', 'OpenAI', 'made', 'clear', 'its', 'reservations', 'about', 'Nvidia', 'technology', ',', 'Nvidia', 'approached', 'companies', 'working', 'on', 'SRAM', 'heavy', 'chips', ',', 'including', 'Cerebras', 'and', 'Groq', ',', 'about', 'a', 'potential', 'acquisition', ',', 'the', 'people', 'said', '.']","['B-ORG', 'O', 'O', 'O', 'O', 'B-ORG', 'O', 'O', 'O', 'O', 'O', 'B-ORG', 'O', 'O', 'B-ORG', 'O', 'O', 'O', 'O', 'O', 'O', 'O', 'O', 'O', 'B-ORG', 'O', 'B-ORG', 'O', 'O', 'O', 'O', 'O', 'O', 'O', 'O', 'O', 'O']"
"['Cerebras', 'declined', 'and', 'struck', 'a', 'commercial', 'deal', 'with', 'OpenAI', 'announced', 'last', 'month', '.']","['B-ORG', 'O', 'O', 'O', 'O', 'O', 'O', 'O', 'B-ORG', 'O', 'B-DATE', 'I-DATE', 'O']"
"['Groq', 'held', 'talks', 'with', 'OpenAI', 'for', 'a', 'deal', 'to', 'provide', 'computing', 'power', 'and', 'received', 'investor', 'interest', 'to', 'fund', 'the', 'company', 'at', 'a', 'valuation', 'of', 'roughly', '14', 'billion', ',', 'according', 'to', 'people', 'familiar', 'with', 'the', 'discussions', '.']","['B-ORG', 'O', 'O', 'O', 'B-ORG', 'O', 'O', 'O', 'O', 'O', 'O', 'O', 'O', 'O', 'O', 'O', 'O', 'O', 'O', 'O', 'O', 'O', 'O', 'O', 'O', 'B-MONEY', 'I-MONEY', 'O', 'O', 'O', 'O', 'O', 'O', 'O', 'O', 'O']"
"['But', 'by', 'December', ',', 'Nvidia', 'moved', 'to', 'license', 'Groq', 's', 'tech', 'in', 'a', 'non', 'exclusive', 'all', 'cash', 'deal', ',', 'the', 'sources', 'said', '.']","['O', 'O', 'B-DATE', 'O', 'B-ORG', 'O', 'O', 'O', 'B-ORG', 'O', 'O', 'O', 'O', 'O', 'O', 'O', 'O', 'O', 'O', 'O', 'O', 'O', 'O']"
"['Although', 'the', 'deal', 'would', 'allow', 'other', 'companies', 'to', 'license', 'Groq', 's', 'technology', ',', 'the', 'company', 'is', 'now', 'focusing', 'on', 'selling', 'cloud', 'based', 'software', ',', 'as', 'Nvidia', 'hired', 'away', 'Groq', 's', 'chip', 'designers', '.']","['O', 'O', 'O', 'O', 'O', 'O', 'O', 'O', 'O', 'B-ORG', 'O', 'O', 'O', 'O', 'O', 'O', 'O', 'O', 'O', 'O', 'O', 'O', 'O', 'O', 'O', 'B-ORG', 'O', 'O', 'B-ORG', 'O', 'O', 'O', 'O']"
"['He', 'joined', 'Reuters', 'in', '2023', 'and', 'has', 'previously', 'worked', 'for', 'Barron', 's', 'magazine', 'and', 'its', 'sister', 'publication', ',', 'MarketWatch', '.']","['O', 'O', 'B-ORG', 'O', 'B-DATE', 'O', 'O', 'O', 'O', 'O', 'B-ORG', 'O', 'O', 'O', 'O', 'O', 'O', 'O', 'B-ORG', 'O']"
"['Cherney', 'graduated', 'from', 'Trent', 'University', 'with', 'a', 'degree', 'in', 'history', '.']","['B-PERSON', 'O', 'O', 'B-ORG', 'I-ORG', 'O', 'O', 'O', 'O', 'O', 'O']"
"['Krystal', 'reports', 'on', 'venture', 'capital', 'and', 'startups', 'for', 'Reuters', '.']","['B-PERSON', 'O', 'O', 'O', 'O', 'O', 'O', 'O', 'B-ORG', 'O']"
"['She', 'covers', 'Silicon', 'Valley', 'and', 'beyond', 'through', 'the', 'lens', 'of', 'money', 'and', 'characters', ',', 'with', 'a', 'focus', 'on', 'growth', 'stage', 'startups', ',', 'tech', 'investments', 'and', 'AI', '.']","['O', 'O', 'B-LOC', 'I-LOC', 'O', 'O', 'O', 'O', 'O', 'O', 'O', 'O', 'O', 'O', 'O', 'O', 'O', 'O', 'O', 'O', 'O', 'O', 'O', 'O', 'O', 'O', 'O']"
"['She', 'has', 'previously', 'covered', 'M', 'A', 'for', 'Reuters', ',', 'breaking', 'stories', 'on', ""Trump's"", 'SPAC', 'and', 'Elon', ""Musk's"", 'Twitter', 'financing', '.']","['O', 'O', 'O', 'O', 'O', 'O', 'O', 'B-ORG', 'O', 'O', 'O', 'O', 'B-PERSON', 'O', 'O', 'B-PERSON', 'I-PERSON', 'B-ORG', 'O', 'O']"
"['Previously', ',', 'she', 'reported', 'on', 'Amazon', 'for', 'Yahoo', 'Finance', ',', 'and', 'her', 'investigation', 'of', 'the', ""company's"", 'retail', 'practice', 'was', 'cited', 'by', 'lawmakers', 'in', 'Congress', '.']","['O', 'O', 'O', 'O', 'O', 'B-ORG', 'O', 'B-ORG', 'I-ORG', 'O', 'O', 'O', 'O', 'O', 'O', 'O', 'O', 'O', 'O', 'O', 'O', 'O', 'O', 'B-ORG', 'O']"
"['Krystal', 'started', 'a', 'career', 'in', 'journalism', 'by', 'writing', 'about', 'tech', 'and', 'politics', 'in', 'China', '.']","['B-PERSON', 'O', 'O', 'O', 'O', 'O', 'O', 'O', 'O', 'O', 'O', 'O', 'O', 'B-GPE', 'O']"
"['She', 'has', 'a', ""master's"", 'degree', 'from', 'New', 'York', 'University', ',', 'and', 'enjoys', 'a', 'scoop', 'of', 'Matcha', 'ice', 'cream', 'as', 'much', 'as', 'getting', 'a', 'scoop', 'at', 'work', '.']","['O', 'O', 'B-ORG', 'O', 'O', 'O', 'B-ORG', 'I-ORG', 'I-ORG', 'O', 'O', 'O', 'B-ORG', 'O', 'O', 'B-ORG', 'O', 'O', 'O', 'O', 'O', 'O', 'B-ORG', 'O', 'B-ORG', 'O', 'O']"
"['Feb', '2', '(', 'Reuters', ')', '(', 'This', 'Feb', '2', 'story', 'has', 'been', 'corrected', 'to', 'remove', 'the', 'reference', 'to', 'Waymo', 'being', 'the', 'only', 'operator', 'in', 'the', 'U', '.', 'S', '.', 'offering', 'paid', 'robotaxi', 'services', ',', 'in', 'paragraph', '5', ')', 'Alphabet', '(', 'GOOGL', '.', 'O', ')', ',', 'opens', 'new', 'tab', 'unit', 'Waymo', 'said', 'it', 'had', 'raised', '16', 'billion', 'in', 'its', 'latest', 'fundraising', 'round', 'that', 'valued', 'the', 'self', 'driving', 'car', 'startup', 'at', '126', 'billion', ',', 'nearly', 'tripling', 'its', 'valuation', 'in', 'less', 'than', 'two', 'years', '.']","['O', 'B-CARDINAL', 'O', 'B-ORG', 'O', 'O', 'O', 'O', 'B-CARDINAL', 'B-ORG', 'O', 'O', 'B-ORG', 'I-ORG', 'I-ORG', 'O', 'O', 'B-ORG', 'I-ORG', 'O', 'O', 'B-ORG', 'I-ORG', 'O', 'O', 'B-LOC', 'I-LOC', 'I-LOC', 'I-LOC', 'B-ORG', 'O', 'B-ORG', 'O', 'O', 'O', 'O', 'B-CARDINAL', 'O', 'B-ORG', 'O', 'B-ORG', 'B-LOC', 'B-ORG', 'O', 'O', 'B-ORG', 'O', 'O', 'O', 'B-ORG', 'O', 'O', 'O', 'O', 'B-CARDINAL', 'B-ORG', 'O', 'O', 'O', 'O', 'B-ORG', 'O', 'O', 'O', 'O', 'O', 'O', 'O', 'O', 'B-CARDINAL', 'B-ORG', 'O', 'O', 'O', 'O', 'B-ORG', 'O', 'O', 'O', 'B-ORG', 'O', 'B-LOC']"
"['As', 'one', 'of', 'the', 'most', 'sought', 'after', 'applications', 'of', 'artificial', 'intelligence', ',', 'leading', 'autonomous', 'vehicle', 'companies', 'are', 'investing', 'heavily', 'in', 'commercializing', 'their', 'technology', ',', 'with', 'a', 'focus', 'on', 'safety', 'and', 'regulatory', 'collaboration', 'to', 'gain', 'market', 'share', '.']","['O', 'O', 'O', 'O', 'O', 'O', 'O', 'O', 'O', 'O', 'O', 'O', 'O', 'O', 'O', 'O', 'O', 'O', 'O', 'O', 'O', 'O', 'O', 'O', 'O', 'O', 'O', 'O', 'O', 'O', 'O', 'O', 'O', 'O', 'O', 'O', 'O']"
"['The', 'round', 'was', 'led', 'by', 'Dragoneer', 'Investment', 'Group', ',', 'DST', 'Global', ',', 'and', 'Sequoia', 'Capital', ',', 'with', 'additional', 'investments', 'from', 'Mubadala', 'Capital', ',', 'Andreessen', 'Horowitz', 'and', 'T', '.', 'Rowe', 'Price', '.']","['O', 'O', 'O', 'O', 'O', 'B-ORG', 'I-ORG', 'I-ORG', 'O', 'B-ORG', 'I-ORG', 'O', 'B-ORG', 'I-ORG', 'I-ORG', 'O', 'O', 'O', 'O', 'O', 'B-ORG', 'I-ORG', 'O', 'B-ORG', 'I-ORG', 'I-ORG', 'I-ORG', 'I-ORG', 'I-ORG', 'I-ORG', 'I-ORG']"
"['As', 'of', 'the', 'last', 'external', 'financing', 'in', '2024', ',', 'Waymo', 'was', 'valued', 'at', '45', 'billion', ',', 'based', 'on', 'data', 'from', 'Tracxn', '.']","['O', 'O', 'O', 'O', 'O', 'O', 'O', 'B-DATE', 'O', 'B-ORG', 'O', 'O', 'O', 'B-CARDINAL', 'O', 'O', 'O', 'O', 'O', 'O', 'B-ORG', 'O']"
"['The', 'company', 'said', 'it', 'tripled', 'its', 'volume', 'to', '15', 'million', 'rides', 'in', '2025', ',', 'providing', '400', ',', '000', 'rides', 'weekly', 'across', 'six', 'major', 'U', '.', 'S', '.', 'metropolitan', 'areas', '.']","['O', 'O', 'O', 'O', 'O', 'O', 'O', 'O', 'B-CARDINAL', 'O', 'O', 'O', 'B-DATE', 'O', 'O', 'B-CARDINAL', 'O', 'B-CARDINAL', 'O', 'O', 'O', 'O', 'O', 'B-LOC', 'I-LOC', 'I-LOC', 'I-LOC', 'O', 'O', 'B-LOC']"
"['While', 'Waymo', 'remains', 'the', 'leader', 'in', 'the', 'U', '.', 'S', '.', 'market', ',', 'competition', 'is', 'brewing', ',', 'with', 'Elon', ""Musk's"", 'Tesla', '(', 'TSLA', '.', 'O', ')', ',', 'opens', 'new', 'tab', 'making', 'robotaxis', 'a', 'core', 'priority', 'for', 'the', 'company', ',', 'pivoting', 'away', 'from', 'electric', 'vehicles', '.']","['O', 'B-ORG', 'O', 'O', 'O', 'O', 'O', 'B-ORG', 'B-LOC', 'B-ORG', 'B-LOC', 'O', 'O', 'B-ORG', 'O', 'O', 'O', 'O', 'B-ORG', 'O', 'B-ORG', 'O', 'B-ORG', 'B-LOC', 'B-ORG', 'O', 'O', 'B-ORG', 'O', 'O', 'O', 'B-ORG', 'I-ORG', 'I-ORG', 'I-ORG', 'I-ORG', 'O', 'B-ORG', 'O', 'B-ORG', 'O', 'B-ORG', 'O', 'O', 'B-LOC']"
"[""Amazon's"", '(', 'AMZN', '.', 'O', ')', ',', 'opens', 'new', 'tab', 'self', 'driving', 'unit', 'Zoox', 'has', 'also', 'offered', 'free', 'robotaxi', 'rides', 'to', 'the', 'public', 'on', 'and', 'around', 'the', 'Las', 'Vegas', 'Strip', 'and', 'in', 'parts', 'of', 'San', 'Francisco', '.']","['B-ORG', 'O', 'B-ORG', 'O', 'B-LOC', 'O', 'O', 'B-ORG', 'O', 'O', 'O', 'O', 'O', 'B-ORG', 'O', 'B-ORG', 'I-ORG', 'O', 'B-ORG', 'O', 'B-ORG', 'O', 'O', 'B-ORG', 'O', 'B-ORG', 'O', 'B-LOC', 'I-LOC', 'I-LOC', 'O', 'O', 'O', 'B-ORG', 'B-LOC', 'I-LOC', 'O']"
"['However', ',', 'safety', 'concerns', 'linger', 'as', 'the', 'National', 'Highway', 'Traffic', 'Safety', 'Administration', 'last', 'week', 'said', 'it', 'is', 'opening', 'an', 'investigation', 'after', 'a', 'Waymo', 'self', 'driving', 'vehicle', 'struck', 'a', 'child', 'near', 'an', 'elementary', 'school', 'in', 'California', '.']","['O', 'O', 'B-ORG', 'O', 'O', 'O', 'O', 'B-ORG', 'I-ORG', 'I-ORG', 'I-ORG', 'I-ORG', 'O', 'O', 'O', 'O', 'B-ORG', 'O', 'O', 'O', 'O', 'B-LOC', 'B-ORG', 'O', 'O', 'O', 'O', 'B-LOC', 'O', 'O', 'O', 'O', 'O', 'B-ORG', 'B-LOC', 'O']"
"['KYIV', ',', 'Feb', '3', '(', 'Reuters', ')', 'President', 'Volodymyr', 'Zelenskiy', 'accused', 'Russia', 'on', 'Tuesday', 'of', 'exploiting', 'a', 'U', '.', 'S', '.', 'backed', 'energy', 'truce', 'to', 'stockpile', 'munitions', 'and', 'using', 'them', 'to', 'attack', 'Ukraine', 'with', 'hundreds', 'of', 'drones', 'and', 'a', 'record', 'number', 'of', 'ballistic', 'missiles', ',', 'a', 'day', 'before', 'peace', 'talks', '.']","['B-ORG', 'O', 'O', 'B-CARDINAL', 'O', 'B-NORP', 'O', 'B-NORP', 'B-PERSON', 'B-NORP', 'I-NORP', 'I-NORP', 'O', 'B-NORP', 'O', 'O', 'B-LOC', 'I-LOC', 'O', 'B-NORP', 'O', 'O', 'O', 'B-NORP', 'O', 'B-NORP', 'I-NORP', 'O', 'B-NORP', 'O', 'O', 'O', 'B-LOC', 'O', 'B-NORP', 'O', 'B-NORP', 'O', 'B-LOC', 'O', 'B-NORP', 'O', 'B-NORP', 'I-NORP', 'O', 'B-LOC', 'O', 'O', 'O', 'B-NORP', 'O']"
"['Zelenskiy', 'said', 'Ukraine', 'was', 'waiting', 'for', 'U', '.', 'S', '.', 'reaction', 'to', ""Russia's"", 'overnight', 'attack', 'that', 'damaged', ""Ukraine's"", 'energy', 'infrastructure', ',', 'as', 'Washington', 'had', 'prompted', 'a', 'short', 'lived', 'ceasefire', 'in', 'attacks', 'on', 'energy', 'targets', '.']","['B-PERSON', 'O', 'B-LOC', 'I-LOC', 'O', 'O', 'B-LOC', 'I-LOC', 'I-LOC', 'I-LOC', 'O', 'B-LOC', 'I-LOC', 'O', 'O', 'O', 'O', 'B-LOC', 'O', 'O', 'O', 'B-LOC', 'I-LOC', 'O', 'O', 'B-LOC', 'O', 'O', 'O', 'B-LOC', 'O', 'B-LOC', 'O', 'O', 'B-LOC']"
"['U', '.', 'S', '.', 'President', 'Donald', 'Trump', 'told', 'reporters', 'Russian', 'President', 'Vladimir', 'Putin', 'had', 'made', 'an', 'agreement', 'that', 'expired', 'on', 'Sunday', '.']","['B-PERSON', 'B-LOC', 'B-NORP', 'B-LOC', 'O', 'B-PERSON', 'I-PERSON', 'O', 'O', 'B-NORP', 'O', 'B-PERSON', 'I-PERSON', 'O', 'O', 'B-NORP', 'O', 'O', 'O', 'B-PERSON', 'O', 'B-LOC']"
"['""', 'It', 'was', 'Sunday', 'to', 'Sunday', ',', 'and', 'it', 'opened', 'up', 'and', 'he', 'hit', 'them', 'hard', 'last', 'night', ',', '""', 'he', 'said', 'at', 'the', 'White', 'House', '.']","['O', 'B-LOC', 'O', 'O', 'O', 'O', 'O', 'O', 'B-LOC', 'O', 'O', 'O', 'O', 'B-LOC', 'O', 'O', 'O', 'O', 'O', 'O', 'O', 'O', 'O', 'O', 'B-LOC', 'I-LOC', 'O']"
"['""', 'He', 'kept', 'his', 'word', 'on', 'that', '.', '.', '.', ""we'll"", 'take', 'anything', ',', 'because', ""it's"", 'really', ',', 'really', 'cold', 'over', 'there', '.']","['O', 'O', 'O', 'O', 'O', 'O', 'O', 'O', 'O', 'O', 'O', 'O', 'O', 'O', 'O', 'O', 'O', 'O', 'O', 'O', 'O', 'O', 'O']"
"['Asked', 'if', 'he', 'was', 'disappointed', ',', 'Trump', 'replied', ':', '""', 'I', 'want', 'him', 'to', 'end', 'the', 'war', '.', '""']","['O', 'O', 'O', 'O', 'O', 'O', 'B-PERSON', 'O', 'O', 'O', 'O', 'O', 'O', 'O', 'O', 'O', 'O', 'O', 'O']"
"['The', 'attack', 'knocked', 'out', 'heating', 'in', 'cities', ',', 'including', 'the', 'capital', 'Kyiv', ',', 'during', 'freezing', 'temperatures', ',', 'even', 'as', 'Ukrainian', 'negotiators', 'headed', 'to', 'Abu', 'Dhabi', 'for', 'a', 'second', 'round', 'of', 'U', '.', 'S', '.', 'brokered', 'trilateral', 'talks', 'set', 'for', 'Wednesday', 'and', 'Thursday', '.']","['O', 'O', 'O', 'B-NORP', 'O', 'B-NORP', 'I-NORP', 'O', 'B-NORP', 'O', 'O', 'B-LOC', 'O', 'B-NORP', 'O', 'B-NORP', 'O', 'O', 'B-NORP', 'I-NORP', 'I-NORP', 'O', 'O', 'B-NORP', 'B-LOC', 'O', 'B-LOC', 'B-NORP', 'I-NORP', 'O', 'B-NORP', 'O', 'B-NORP', 'O', 'O', 'O', 'B-NORP', 'I-NORP', 'O', 'B-NORP', 'O', 'B-NORP', 'O']"
"['""', 'It', 'was', 'a', 'deliberate', 'attack', 'against', 'energy', 'infrastructure', ',', 'involving', 'a', 'record', 'number', 'of', 'ballistic', 'missiles', ',', '""', 'Zelenskiy', 'wrote', 'on', 'X', ',', 'a', 'day', 'after', 'saying', 'Moscow', 'had', 'largely', 'observed', 'the', 'moratorium', 'agreed', 'by', 'the', 'two', 'sides', 'on', 'energy', 'facilities', '.']","['O', 'O', 'O', 'O', 'O', 'O', 'O', 'O', 'O', 'O', 'O', 'O', 'O', 'O', 'O', 'O', 'O', 'O', 'O', 'B-PERSON', 'O', 'O', 'B-ORG', 'O', 'O', 'O', 'O', 'O', 'B-LOC', 'O', 'O', 'O', 'O', 'O', 'O', 'O', 'O', 'O', 'O', 'O', 'O', 'O', 'O']"
"['""', 'The', 'Russian', 'army', 'exploited', 'the', 'U', '.', 'S', '.', 'proposal', 'to', 'briefly', 'halt', 'strikes', 'not', 'to', 'support', 'diplomacy', 'but', 'to', 'stockpile', 'missiles', '.', '""']","['O', 'O', 'B-NORP', 'O', 'O', 'O', 'B-LOC', 'I-LOC', 'I-LOC', 'I-LOC', 'O', 'O', 'O', 'O', 'O', 'O', 'O', 'O', 'O', 'O', 'O', 'O', 'O', 'B-LOC', 'O']"
"['PRESSURE', 'ON', 'UKRAINE', 'Ukraine', 'is', 'under', 'U', '.', 'S', '.', 'pressure', 'to', 'agree', 'to', 'a', 'peace', 'deal', 'while', 'attacks', 'by', 'Russia', 'on', 'its', 'energy', 'system', 'appear', 'intended', 'to', 'freeze', 'Ukrainians', 'into', 'submission', '.']","['O', 'O', 'B-LOC', 'I-LOC', 'O', 'O', 'B-NORP', 'B-LOC', 'I-LOC', 'I-LOC', 'O', 'O', 'O', 'O', 'B-NORP', 'O', 'O', 'O', 'O', 'O', 'B-LOC', 'O', 'O', 'O', 'O', 'O', 'O', 'O', 'O', 'B-NORP', 'O', 'O', 'B-LOC']"
"['The', 'first', 'round', 'of', 'trilateral', 'talks', 'in', 'late', 'January', 'brought', 'no', 'movement', 'on', 'territorial', 'issues', ',', 'with', 'Moscow', 'demanding', 'Kyiv', 'cede', 'more', 'land', 'in', 'eastern', 'Ukraine', ',', 'which', 'it', 'refuses', 'to', 'do', '.']","['O', 'O', 'O', 'O', 'O', 'O', 'B-LOC', 'O', 'O', 'O', 'O', 'O', 'O', 'O', 'O', 'O', 'O', 'B-LOC', 'O', 'B-LOC', 'O', 'O', 'O', 'B-LOC', 'O', 'B-LOC', 'O', 'O', 'O', 'O', 'O', 'O', 'O']"
"['Sharpening', 'his', 'tone', 'from', 'previous', 'days', ',', 'Zelenskiy', 'said', 'on', 'Tuesday', 'the', 'work', 'of', ""Ukraine's"", 'negotiators', 'would', 'be', '""', 'adjusted', 'accordingly', '""', 'after', 'the', 'attack', ',', 'but', 'offered', 'no', 'details', '.']","['O', 'O', 'O', 'O', 'O', 'O', 'O', 'B-PERSON', 'O', 'O', 'O', 'O', 'O', 'O', 'B-LOC', 'O', 'O', 'O', 'O', 'O', 'O', 'O', 'O', 'O', 'O', 'O', 'O', 'O', 'O', 'O', 'O']"
"['Speaking', 'to', 'reporters', 'in', 'Kyiv', 'at', 'a', 'press', 'conference', 'with', 'NATO', 'Secretary', 'General', 'Mark', 'Rutte', ',', 'he', 'said', 'Ukraine', 'would', 'approach', 'Washington', 'to', 'discuss', 'new', 'consequences', 'for', 'Russia', '.']","['B-LOC', 'I-LOC', 'O', 'B-LOC', 'I-LOC', 'B-ORG', 'B-LOC', 'O', 'O', 'O', 'B-ORG', 'O', 'O', 'B-PERSON', 'I-PERSON', 'O', 'O', 'O', 'B-LOC', 'O', 'O', 'B-LOC', 'I-LOC', 'O', 'O', 'O', 'O', 'B-LOC', 'O']"
"['In', 'his', 'nightly', 'video', 'address', ',', 'Zelenskiy', 'said', ':', '""', 'We', 'expect', 'a', 'response', 'from', 'the', 'United', 'States', 'to', 'the', 'Russian', 'strikes', '.']","['O', 'O', 'O', 'O', 'O', 'O', 'B-PERSON', 'O', 'O', 'O', 'O', 'O', 'B-NORP', 'O', 'O', 'O', 'B-LOC', 'I-LOC', 'O', 'O', 'B-NORP', 'O', 'O']"
"['It', 'was', ""America's"", 'proposal', 'to', 'stop', 'strikes', 'on', 'energy', 'infrastructure', 'during', 'diplomatic', 'efforts', 'and', 'the', 'cold', 'winter', 'period', '.', '""']","['O', 'O', 'B-LOC', 'O', 'O', 'O', 'O', 'O', 'O', 'O', 'O', 'O', 'O', 'O', 'O', 'O', 'O', 'O', 'O', 'O']"
"['Zelenskiy', 'said', 'Ukraine', 'had', 'been', 'expected', 'to', 'make', 'concessions', ',', 'but', 'it', 'was', 'also', 'up', 'to', 'Russia', 'to', 'make', 'concessions', ',', 'mainly', '""', 'to', 'stop', 'the', 'aggression', '.', '""']","['B-PERSON', 'O', 'B-LOC', 'O', 'O', 'O', 'O', 'O', 'O', 'O', 'O', 'O', 'O', 'O', 'O', 'O', 'B-LOC', 'O', 'O', 'O', 'O', 'O', 'O', 'O', 'O', 'O', 'O', 'O', 'O']"
"['And', 'if', 'the', 'United', 'States', 'and', 'Europe', 'did', 'not', 'have', 'the', 'power', 'to', 'stop', 'Russian', 'strikes', ',', 'he', 'asked', ',', '""', 'then', 'who', 'will', 'believe', 'there', 'is', 'the', 'power', 'to', 'guarantee', 'that', 'the', 'war', 'will', 'not', 'reignite', 'again', '?', '""']","['O', 'O', 'O', 'B-LOC', 'I-LOC', 'O', 'B-LOC', 'O', 'O', 'O', 'O', 'O', 'O', 'O', 'B-NORP', 'O', 'O', 'O', 'O', 'O', 'O', 'O', 'O', 'O', 'O', 'O', 'O', 'O', 'O', 'O', 'O', 'O', 'O', 'O', 'O', 'O', 'O', 'O', 'O', 'O']"
"['NEW', 'ATTACKS', 'ON', 'ENERGY', 'SYSTEM', 'Ukrainian', 'officials', 'said', 'Russia', 'launched', '450', 'drones', 'and', 'over', '70', 'missiles', 'in', 'strikes', 'that', 'wounded', 'at', 'least', '12', 'people', 'and', 'struck', 'apartment', 'blocks', 'and', 'energy', 'infrastructure', 'as', 'temperatures', 'hovered', 'around', '20', 'Celsius', '(', '4', 'Fahrenheit', ')', '.']","['B-LOC', 'O', 'O', 'B-LOC', 'I-LOC', 'B-NORP', 'O', 'O', 'B-LOC', 'I-LOC', 'B-CARDINAL', 'B-LOC', 'O', 'B-LOC', 'B-CARDINAL', 'B-LOC', 'B-NORP', 'B-LOC', 'O', 'B-LOC', 'O', 'B-LOC', 'B-CARDINAL', 'B-LOC', 'O', 'O', 'B-LOC', 'O', 'O', 'B-LOC', 'I-LOC', 'O', 'B-LOC', 'I-LOC', 'O', 'B-CARDINAL', 'B-NORP', 'O', 'B-CARDINAL', 'B-LOC', 'O', 'O']"
"['An', 'early', 'evening', 'strike', 'on', 'Tuesday', 'in', 'the', 'southeastern', 'city', 'of', 'Zaporizhzhia', 'killed', 'two', '18', 'year', 'olds', 'and', 'injured', 'nine', 'people', '.']","['O', 'O', 'O', 'O', 'O', 'O', 'O', 'O', 'O', 'O', 'O', 'B-LOC', 'O', 'O', 'B-CARDINAL', 'O', 'O', 'O', 'O', 'O', 'O', 'O']"
"['Deputy', 'Prime', 'Minister', 'Oleksiy', 'Kuleba', 'said', '1', ',', '142', 'apartment', 'buildings', 'in', 'Kyiv', 'remained', 'without', 'heating', 'and', 'officials', 'in', 'Kharkiv', ',', ""Ukraine's"", 'second', 'largest', 'city', ',', 'said', '270', ',', '000', 'residents', 'were', 'in', 'unheated', 'apartments', '.']","['O', 'O', 'O', 'B-PERSON', 'I-PERSON', 'O', 'B-CARDINAL', 'O', 'B-CARDINAL', 'O', 'O', 'B-LOC', 'I-LOC', 'O', 'O', 'O', 'O', 'O', 'B-LOC', 'I-LOC', 'O', 'B-LOC', 'O', 'O', 'O', 'O', 'O', 'B-CARDINAL', 'O', 'B-CARDINAL', 'O', 'O', 'B-LOC', 'O', 'O', 'O']"
"['""', 'The', 'goal', 'is', 'obvious', ':', 'to', 'cause', 'maximum', 'destruction', 'and', 'leave', 'the', 'city', 'without', 'heat', 'in', 'severe', 'cold', ',', '""', 'Kharkiv', 'Mayor', 'Ihor', 'Terekhov', 'wrote', 'on', 'Telegram', ',', 'adding', 'that', 'a', 'thermal', 'plant', 'in', 'the', 'city', 'had', 'been', 'badly', 'damaged', '.']","['O', 'O', 'O', 'B-PERSON', 'I-PERSON', 'O', 'O', 'O', 'B-PERSON', 'I-PERSON', 'O', 'O', 'O', 'B-PERSON', 'I-PERSON', 'O', 'B-PERSON', 'O', 'O', 'O', 'O', 'B-PERSON', 'O', 'B-PERSON', 'I-PERSON', 'O', 'O', 'B-ORG', 'O', 'B-PERSON', 'O', 'B-ORG', 'O', 'O', 'B-PERSON', 'O', 'B-PERSON', 'O', 'O', 'O', 'O', 'O']"
"['Energy', 'Minister', 'Denys', 'Shmyhal', 'said', 'a', 'power', 'plant', 'in', ""Kyiv's"", 'eastern', 'suburbs', 'had', 'also', 'been', 'seriously', 'damaged', 'and', 'officials', 'were', 'considering', 'how', 'to', 'redirect', 'resources', 'to', 'restore', 'heating', '.']","['O', 'O', 'B-PERSON', 'I-PERSON', 'O', 'B-PERSON', 'O', 'O', 'O', 'B-LOC', 'O', 'O', 'O', 'O', 'O', 'O', 'O', 'O', 'O', 'O', 'O', 'O', 'O', 'O', 'O', 'O', 'O', 'O', 'O']"
"['Russia', 'and', 'Ukraine', 'said', 'last', 'week', 'they', 'had', 'halted', 'strikes', 'on', 'each', ""other's"", 'energy', 'infrastructure', ',', 'but', 'they', 'disagreed', 'on', 'the', 'timeframe', 'for', 'the', 'moratorium', '.']","['B-LOC', 'O', 'B-LOC', 'O', 'O', 'O', 'O', 'O', 'O', 'O', 'O', 'O', 'O', 'O', 'O', 'O', 'O', 'O', 'O', 'O', 'O', 'O', 'O', 'O', 'O', 'O']"
"['Much', 'of', 'Ukraine', 'has', 'been', 'gripped', 'by', 'a', 'new', 'wave', 'of', 'cold', 'after', 'what', 'experts', 'said', 'was', 'the', 'coldest', 'January', 'in', 'six', 'years', '.']","['O', 'O', 'B-LOC', 'O', 'O', 'O', 'O', 'B-LOC', 'O', 'O', 'O', 'O', 'O', 'O', 'O', 'O', 'O', 'O', 'O', 'O', 'B-LOC', 'O', 'O', 'O']"
"['Families', 'languish', 'in', 'frigid', 'and', 'darkened', 'apartments', 'during', 'power', 'outages', 'and', 'cuts', 'to', 'heating', 'that', 'last', 'hours', 'and', 'days', '.']","['O', 'O', 'O', 'O', 'O', 'O', 'O', 'O', 'O', 'O', 'O', 'O', 'O', 'O', 'O', 'O', 'O', 'O', 'O', 'O']"
"['Kyiv', 'resident', 'Natalia', 'Hlobenko', ',', '35', ',', 'described', 'how', 'she', 'rushed', 'to', 'cover', 'her', '11', 'year', 'old', 'son', 'just', 'on', 'Tuesday', 'before', 'an', 'explosion', 'sprayed', 'her', 'apartment', 'with', 'broken', 'glass', '.']","['B-LOC', 'O', 'B-PERSON', 'I-PERSON', 'O', 'B-CARDINAL', 'O', 'O', 'O', 'O', 'O', 'O', 'O', 'O', 'B-CARDINAL', 'O', 'O', 'O', 'O', 'O', 'O', 'O', 'O', 'O', 'O', 'O', 'O', 'O', 'O', 'O', 'O']"
"['said', 'a', 'teary', 'Hlobenko', ',', 'bundled', 'in', 'her', 'windowless', 'apartment', '.']","['O', 'O', 'O', 'B-PERSON', 'O', 'O', 'O', 'B-PERSON', 'O', 'O', 'O']"
"['STICKING', 'POINT', 'REMAINS', 'IN', 'TALKS', 'Zelenskiy', 'has', 'previously', 'said', 'Ukraine', ',', 'which', 'is', 'struggling', 'to', 'stop', 'grinding', 'Russian', 'battlefield', 'advances', ',', 'was', 'ready', 'for', '""', 'substantive', '""', 'talks', '.']","['O', 'O', 'O', 'B-LOC', 'O', 'B-PERSON', 'O', 'O', 'O', 'B-LOC', 'O', 'O', 'O', 'O', 'O', 'O', 'O', 'B-NORP', 'O', 'O', 'O', 'O', 'O', 'O', 'O', 'O', 'O', 'O', 'O']"
"['Moscow', 'and', 'Kyiv', 'blame', 'each', 'other', 'for', 'the', 'failure', 'to', 'agree', 'a', 'peace', 'deal', '.']","['B-LOC', 'O', 'B-LOC', 'O', 'O', 'O', 'O', 'O', 'O', 'O', 'O', 'O', 'O', 'O', 'O']"
"['Territory', 'remains', 'the', 'main', 'sticking', 'point', ',', 'with', 'Ukraine', 'resisting', ""Russia's"", 'demands', 'that', 'it', 'cede', 'the', 'remaining', '20', 'of', 'the', 'eastern', 'region', 'of', 'Donetsk', 'that', 'Moscow', 'has', 'been', 'unable', 'to', 'conquer', 'since', 'its', '2022', 'invasion', '.']","['O', 'O', 'O', 'O', 'O', 'O', 'O', 'O', 'B-LOC', 'O', 'B-LOC', 'O', 'O', 'O', 'O', 'O', 'O', 'B-CARDINAL', 'O', 'O', 'O', 'O', 'O', 'B-LOC', 'O', 'B-LOC', 'O', 'O', 'O', 'O', 'O', 'O', 'O', 'B-DATE', 'O', 'O']"
"[""Ukraine's"", 'lead', 'negotiator', 'said', 'Ukrainian', 'officials', 'would', 'first', 'hold', 'bilateral', 'talks', 'with', 'U', '.', 'S', '.', 'officials', 'in', 'Abu', 'Dhabi', 'to', 'discuss', 'U', '.', 'S', '.', 'security', 'guarantees', 'for', 'any', 'peace', 'deal', 'and', 'a', 'post', 'war', 'reconstruction', 'package', ',', 'and', 'later', 'hold', 'a', 'trilateral', 'meeting', 'involving', 'Russian', 'negotiators', '.']","['B-LOC', 'O', 'O', 'O', 'B-NORP', 'O', 'O', 'O', 'O', 'O', 'O', 'O', 'B-NORP', 'B-LOC', 'B-NORP', 'B-LOC', 'O', 'B-NORP', 'B-LOC', 'I-LOC', 'O', 'O', 'B-NORP', 'B-LOC', 'B-NORP', 'B-LOC', 'O', 'O', 'O', 'O', 'O', 'O', 'O', 'B-NORP', 'O', 'O', 'O', 'O', 'O', 'O', 'O', 'O', 'B-NORP', 'O', 'O', 'O', 'B-NORP', 'O', 'B-LOC']"
"['Summary', 'Companies', 'Palantir', 'forecasts', 'Q1', ',', 'full', 'year', '2026', 'revenue', 'above', 'LSEG', 'estimates', 'Shares', 'up', '5', 'in', 'extended', 'trading', 'Palantir', 'has', 'safeguards', 'in', 'surveillance', 'software', 'to', 'prevent', 'government', 'overreach', 'CEO', 'Positive', 'results', 'but', 'valuation', 'concerns', 'remain', 'analyst', 'Feb', '2', '(', 'Reuters', ')', 'Palantir', 'Technologies', '(', 'PLTR', '.', 'O', ')', ',', 'opens', 'new', 'tab', 'CEO', 'Alex', 'Karp', 'defended', 'the', ""firm's"", 'surveillance', 'technology', 'as', 'it', 'reported', 'a', 'big', 'jump', 'in', 'sales', 'on', 'Monday', ',', 'saying', 'it', 'has', 'safeguards', 'to', 'prevent', 'government', 'overreach', ',', 'without', 'mentioning', 'U', '.', 'S', '.', 'immigration', 'enforcement', 'efforts', 'in', 'Minnesota', 'that', 'have', 'drawn', 'widespread', 'protests', ',', 'opens', 'new', 'tab', '.']","['O', 'B-ORG', 'I-ORG', 'I-ORG', 'O', 'O', 'O', 'O', 'B-DATE', 'O', 'B-ORG', 'I-ORG', 'O', 'O', 'B-ORG', 'B-CARDINAL', 'B-LOC', 'O', 'O', 'B-ORG', 'O', 'O', 'B-LOC', 'O', 'B-ORG', 'I-ORG', 'I-ORG', 'I-ORG', 'I-ORG', 'I-ORG', 'I-ORG', 'O', 'O', 'B-ORG', 'I-ORG', 'O', 'O', 'O', 'B-CARDINAL', 'O', 'B-ORG', 'O', 'B-ORG', 'I-ORG', 'O', 'B-ORG', 'B-LOC', 'I-LOC', 'O', 'O', 'B-ORG', 'O', 'O', 'B-ORG', 'B-PERSON', 'I-PERSON', 'O', 'O', 'O', 'O', 'B-ORG', 'O', 'O', 'B-ORG', 'B-LOC', 'O', 'B-ORG', 'B-LOC', 'O', 'B-ORG', 'I-ORG', 'O', 'O', 'O', 'O', 'O', 'B-ORG', 'I-ORG', 'I-ORG', 'I-ORG', 'O', 'B-ORG', 'I-ORG', 'B-LOC', 'I-LOC', 'I-LOC', 'I-LOC', 'B-ORG', 'I-ORG', 'I-ORG', 'B-LOC', 'I-LOC', 'O', 'O', 'O', 'B-ORG', 'I-ORG', 'O', 'B-ORG', 'O', 'O', 'B-LOC']"
"['The', 'data', 'analytics', 'company', 'said', 'revenue', 'derived', 'from', 'the', 'U', '.', 'S', '.', 'government', 'spiked', '66', 'in', 'the', 'fourth', 'quarter', 'from', 'the', 'year', 'ago', 'period', 'to', '570', 'million', '.']","['O', 'O', 'O', 'O', 'O', 'O', 'O', 'O', 'O', 'B-LOC', 'I-LOC', 'I-LOC', 'I-LOC', 'O', 'O', 'B-CARDINAL', 'O', 'O', 'O', 'O', 'O', 'O', 'O', 'O', 'O', 'O', 'B-CARDINAL', 'O', 'B-LOC']"
"['Total', 'sales', 'of', '1', '.', '41', 'billion', 'exceeded', ""analysts'"", 'estimates', 'and', 'the', 'firm', 'anticipates', 'a', 'big', 'jump', 'in', 'sales', ',', 'in', 'part', 'due', 'to', 'government', 'contracts', 'in', '2026', '.']","['O', 'O', 'O', 'B-CARDINAL', 'O', 'B-CARDINAL', 'O', 'O', 'O', 'O', 'O', 'O', 'O', 'O', 'O', 'O', 'O', 'O', 'O', 'O', 'O', 'O', 'O', 'O', 'O', 'O', 'O', 'B-DATE', 'O']"
"['Shares', 'in', 'the', 'company', 'jumped', 'around', '5', 'in', 'extended', 'trading', 'and', 'its', 'Frankfurt', 'listed', 'stock', 'was', 'up', 'nearly', '12', 'in', 'thin', 'trading', 'early', 'on', 'Tuesday', '.']","['O', 'O', 'O', 'O', 'O', 'O', 'B-CARDINAL', 'O', 'O', 'O', 'O', 'O', 'B-NORP', 'O', 'O', 'O', 'O', 'O', 'B-CARDINAL', 'O', 'O', 'O', 'O', 'O', 'O', 'O']"
"['Companies', 'working', 'with', 'U', '.', 'S', '.', 'Immigration', 'and', 'Customs', 'Enforcement', '(', 'ICE', ')', 'are', 'attracting', 'more', 'scrutiny', 'as', 'Americans', 'have', 'turned', 'solidly', 'against', ""ICE's"", 'aggressive', 'tactics', 'following', 'the', 'fatal', 'shootings', 'of', 'two', 'U', '.', 'S', '.', 'citizens', 'in', 'separate', 'incidents', 'in', 'January', '.']","['O', 'O', 'O', 'B-LOC', 'I-LOC', 'I-LOC', 'I-LOC', 'B-ORG', 'I-ORG', 'I-ORG', 'I-ORG', 'O', 'B-ORG', 'O', 'O', 'O', 'O', 'B-ORG', 'O', 'B-NORP', 'O', 'B-ORG', 'O', 'O', 'B-ORG', 'O', 'O', 'O', 'O', 'O', 'O', 'O', 'O', 'B-LOC', 'I-LOC', 'I-LOC', 'I-LOC', 'O', 'O', 'O', 'O', 'O', 'B-ORG', 'B-LOC']"
"['The', 'company', 'won', 'a', 'contract', 'last', 'year', 'with', 'ICE', 'to', 'develop', 'surveillance', 'systems', 'for', 'immigration', 'enforcement', '.']","['O', 'O', 'O', 'O', 'O', 'O', 'O', 'O', 'B-ORG', 'O', 'O', 'O', 'O', 'O', 'O', 'O', 'O']"
"['Over', 'the', 'weekend', ',', ""France's"", 'CapGemini', '(', 'CAPP', '.', 'PA', ')', ',', 'opens', 'new', 'tab', 'said', 'it', 'would', 'sell', 'a', 'small', 'U', '.', 'S', '.', 'unit', 'that', 'has', 'a', 'contract', 'with', 'ICE', 'after', 'criticism', 'from', 'French', 'lawmakers', 'and', 'others', '.']","['O', 'O', 'O', 'O', 'B-LOC', 'B-ORG', 'O', 'B-ORG', 'B-LOC', 'B-ORG', 'O', 'O', 'O', 'O', 'O', 'O', 'O', 'O', 'O', 'B-ORG', 'O', 'B-LOC', 'I-LOC', 'I-LOC', 'I-LOC', 'O', 'O', 'O', 'B-ORG', 'O', 'O', 'B-ORG', 'O', 'O', 'O', 'B-NORP', 'O', 'O', 'O', 'B-LOC']"
"['In', 'a', 'post', 'earnings', 'call', ',', 'Karp', 'said', 'the', 'company', 'was', '""', 'supporting', 'in', 'a', 'critical', 'manner', ',', 'some', 'of', 'the', 'most', 'interesting', ',', 'intricate', ',', 'unusual', 'operations', 'that', 'the', 'U', '.', 'S', '.', 'government', 'has', 'been', 'involved', 'in', '""', ',', 'but', 'did', 'not', 'specify', 'which', 'government', 'programs', 'Palantir', 'was', 'engaged', 'in', '.']","['O', 'B-ORG', 'O', 'O', 'O', 'O', 'B-PERSON', 'O', 'O', 'O', 'O', 'O', 'O', 'O', 'B-ORG', 'O', 'O', 'O', 'O', 'O', 'O', 'O', 'O', 'O', 'O', 'O', 'O', 'O', 'O', 'O', 'B-LOC', 'I-LOC', 'I-LOC', 'I-LOC', 'O', 'O', 'O', 'O', 'O', 'O', 'O', 'O', 'O', 'O', 'O', 'O', 'O', 'O', 'B-ORG', 'O', 'O', 'O', 'B-LOC']"
"['Denver', 'based', 'Palantir', 'has', 'increasingly', 'been', 'marketing', 'military', 'grade', 'AI', 'tools', 'to', 'businesses', 'through', 'its', 'artificial', 'intelligence', 'platform', 'that', 'helps', 'companies', 'integrate', 'and', 'develop', 'the', 'technology', '.']","['O', 'O', 'B-ORG', 'O', 'O', 'O', 'O', 'O', 'O', 'B-NORP', 'O', 'O', 'O', 'O', 'O', 'O', 'O', 'O', 'O', 'O', 'O', 'O', 'O', 'O', 'O', 'O', 'O']"
"['It', 'has', 'emerged', 'as', 'one', 'of', 'the', 'best', 'performing', 'AI', 'stocks', ',', 'with', 'shares', 'gaining', '1', ',', '700', 'over', 'the', 'last', 'three', 'years', '.']","['O', 'O', 'O', 'O', 'O', 'O', 'O', 'O', 'O', 'B-NORP', 'O', 'O', 'O', 'O', 'B-NORP', 'B-CARDINAL', 'O', 'B-CARDINAL', 'O', 'O', 'O', 'O', 'O', 'O']"
"['""', 'It', 'should', 'indeed', 'be', 'uncontroversial', 'that', 'the', 'single', 'most', 'effective', 'means', 'of', 'guarding', 'against', 'incursions', 'into', 'our', 'private', 'lives', 'is', 'to', 'invest', 'in', 'the', 'development', 'of', 'a', 'technical', 'platform', 'that', 'makes', 'possible', 'constraints', 'on', 'government', 'action', 'and', 'investigation', 'through', 'granular', 'permissioning', 'capabilities', ',', '""', 'Karp', 'said', 'in', 'a', 'letter', 'to', 'shareholders', '.']","['O', 'O', 'O', 'O', 'O', 'O', 'O', 'O', 'O', 'O', 'O', 'O', 'O', 'O', 'O', 'O', 'O', 'O', 'O', 'O', 'O', 'O', 'O', 'O', 'O', 'O', 'O', 'B-PERSON', 'O', 'O', 'O', 'O', 'O', 'O', 'O', 'O', 'O', 'O', 'O', 'O', 'O', 'O', 'O', 'O', 'O', 'B-PERSON', 'O', 'O', 'B-PERSON', 'O', 'O', 'O', 'O']"
"['He', 'said', 'the', ""company's"", 'tech', 'ensures', 'that', 'the', '""', 'state', 'and', 'its', 'agents', 'can', 'see', 'only', 'what', 'ought', 'to', 'be', 'seen', ',', 'and', 'functional', 'audit', 'logs', ',', 'to', 'ensnare', 'both', 'external', 'and', 'internal', 'threats', '""', '.']","['O', 'O', 'O', 'O', 'O', 'O', 'O', 'O', 'O', 'O', 'O', 'O', 'O', 'O', 'O', 'O', 'O', 'O', 'O', 'O', 'O', 'O', 'O', 'O', 'O', 'O', 'O', 'O', 'O', 'O', 'O', 'O', 'O', 'O', 'O', 'O']"
"['Still', ',', 'its', 'shares', 'are', 'down', 'more', 'than', '15', 'so', 'far', 'this', 'year', 'as', 'Wall', 'Street', 'questions', ""Palantir's"", 'sky', 'high', 'valuation', ',', 'with', 'a', '12', 'month', 'forward', 'price', 'to', 'earnings', 'ratio', 'of', '140', '.', '5', '.']","['O', 'O', 'O', 'O', 'O', 'O', 'O', 'O', 'B-CARDINAL', 'O', 'O', 'O', 'O', 'O', 'B-LOC', 'I-LOC', 'O', 'B-ORG', 'O', 'O', 'O', 'O', 'O', 'B-ORG', 'B-CARDINAL', 'O', 'O', 'O', 'O', 'O', 'O', 'O', 'B-CARDINAL', 'O', 'B-CARDINAL', 'O']"
"['""', 'Valuation', 'question', 'marks', ""won't"", 'disappear', ',', '""', 'said', 'eToro', 'analyst', 'Zavier', 'Wong', '.']","['O', 'O', 'O', 'O', 'O', 'O', 'O', 'O', 'O', 'B-ORG', 'O', 'B-PERSON', 'I-PERSON', 'O']"
"['""', 'Palantir', 'remains', 'priced', 'for', 'perfection', ',', 'which', 'means', 'it', 'will', 'need', 'to', 'continue', 'executing', 'in', 'future', 'quarters', '.', '""']","['O', 'B-ORG', 'O', 'O', 'O', 'O', 'O', 'O', 'O', 'O', 'O', 'O', 'O', 'O', 'O', 'O', 'O', 'O', 'O', 'O']"
"['BIG', 'REVENUE', 'JUMP', 'EXPECTED', 'The', 'company', ',', 'founded', 'by', 'tech', 'billionaire', 'Peter', 'Thiel', ',', 'with', 'the', 'CIA', 'as', 'one', 'of', 'its', 'early', 'backers', ',', 'has', 'boosted', 'its', 'sales', 'with', 'a', 'litany', 'of', 'government', 'contracts', '.']","['O', 'O', 'O', 'O', 'O', 'O', 'O', 'O', 'O', 'O', 'O', 'B-PERSON', 'I-PERSON', 'O', 'O', 'O', 'B-ORG', 'O', 'O', 'O', 'O', 'O', 'O', 'O', 'O', 'O', 'O', 'O', 'O', 'B-ORG', 'O', 'O', 'O', 'O', 'O']"
"['It', 'expects', 'revenue', 'between', '7', '.', '18', 'billion', 'and', '7', '.', '20', 'billion', 'in', '2026', ',', 'which', 'would', 'be', 'more', 'than', 'a', '60', 'increase', 'from', '2025', '.']","['O', 'O', 'O', 'O', 'B-CARDINAL', 'O', 'B-CARDINAL', 'O', 'O', 'B-CARDINAL', 'O', 'B-CARDINAL', 'O', 'O', 'B-DATE', 'O', 'O', 'O', 'O', 'O', 'O', 'O', 'B-CARDINAL', 'O', 'O', 'B-DATE', 'O']"
"['Thiel', 'was', 'an', 'early', 'backer', 'of', 'President', 'Donald', 'Trump', 'and', 'has', 'close', 'ties', 'with', 'key', 'Washington', 'lawmakers', ',', 'including', 'Vice', 'President', 'JD', 'Vance', ',', 'whom', 'he', 'supported', 'in', 'a', '2022', 'U', '.', 'S', '.', 'Senate', 'race', '.']","['B-PERSON', 'B-LOC', 'B-PERSON', 'O', 'O', 'O', 'B-PERSON', 'I-PERSON', 'I-PERSON', 'O', 'O', 'O', 'B-PERSON', 'I-PERSON', 'O', 'B-LOC', 'O', 'O', 'O', 'O', 'B-PERSON', 'I-PERSON', 'I-PERSON', 'O', 'O', 'O', 'B-PERSON', 'B-LOC', 'B-ORG', 'B-DATE', 'B-LOC', 'I-LOC', 'B-ORG', 'B-LOC', 'B-ORG', 'O', 'B-LOC']"
"['Palantir', 'won', 'a', '30', 'million', 'contract', ',', 'opens', 'new', 'tab', 'from', 'the', 'U', '.', 'S', '.', 'Immigration', 'and', 'Customs', 'Enforcement', 'in', 'April', 'to', 'develop', 'a', 'system', ',', 'opens', 'new', 'tab', 'that', 'identifies', 'undocumented', 'immigrants', 'and', 'tracks', 'self', 'deportations', ',', 'which', 'as', 'of', 'June', '3', ',', 'was', 'its', 'largest', 'single', 'award', 'from', 'the', 'agency', 'among', '46', 'federal', 'contract', 'actions', 'since', '2011', '.']","['B-ORG', 'O', 'B-ORG', 'B-CARDINAL', 'O', 'O', 'O', 'O', 'O', 'O', 'O', 'O', 'B-ORG', 'I-ORG', 'I-ORG', 'I-ORG', 'I-ORG', 'I-ORG', 'I-ORG', 'I-ORG', 'O', 'O', 'B-ORG', 'O', 'B-ORG', 'O', 'O', 'O', 'O', 'O', 'O', 'O', 'O', 'O', 'B-ORG', 'O', 'O', 'O', 'O', 'O', 'O', 'O', 'O', 'B-CARDINAL', 'O', 'O', 'O', 'O', 'O', 'O', 'O', 'O', 'O', 'O', 'B-CARDINAL', 'O', 'O', 'O', 'O', 'B-DATE', 'B-ORG']"
"['""', 'Freedom', 'from', 'unwarranted', 'government', 'surveillance', '.', '.', '.', 'requires', 'the', 'construction', 'of', 'a', 'technical', 'system', 'that', 'is', 'built', 'to', 'make', 'possible', 'oversight', 'of', 'its', 'own', 'use', 'and', 'limit', ',', 'not', 'expand', ',', 'the', 'material', 'and', 'information', 'subject', 'to', 'access', ',', '""', 'Karp', 'said', '.']","['O', 'O', 'O', 'O', 'O', 'O', 'O', 'O', 'O', 'O', 'O', 'O', 'O', 'B-PERSON', 'O', 'O', 'O', 'O', 'O', 'O', 'O', 'O', 'O', 'O', 'O', 'O', 'O', 'O', 'O', 'O', 'O', 'O', 'O', 'O', 'O', 'O', 'O', 'O', 'O', 'O', 'O', 'O', 'B-PERSON', 'O', 'O']"
"['Palantir', 'forecast', 'first', 'quarter', 'sales', 'between', '1', '.', '53', 'billion', 'and', '1', '.', '54', 'billion', ',', 'above', 'an', 'estimate', 'of', '1', '.', '32', 'billion', ',', 'according', 'to', 'data', 'compiled', 'by', 'LSEG', '.']","['B-ORG', 'O', 'O', 'O', 'O', 'O', 'B-CARDINAL', 'O', 'B-CARDINAL', 'O', 'O', 'B-CARDINAL', 'O', 'B-CARDINAL', 'O', 'O', 'O', 'B-ORG', 'O', 'O', 'B-CARDINAL', 'O', 'B-CARDINAL', 'O', 'O', 'O', 'O', 'O', 'O', 'O', 'B-ORG', 'O']"
"['Sales', 'to', 'U', '.', 'S', '.', 'businesses', 'in', '2026', 'are', 'expected', 'to', 'grow', 'at', 'least', '115', 'to', 'more', 'than', '3', '.', '14', 'billion', ',', 'accelerating', 'from', '109', 'growth', 'in', '2025', '.']","['O', 'O', 'B-LOC', 'I-LOC', 'I-LOC', 'I-LOC', 'O', 'O', 'B-DATE', 'O', 'O', 'O', 'O', 'O', 'O', 'B-CARDINAL', 'O', 'O', 'O', 'B-CARDINAL', 'B-LOC', 'B-CARDINAL', 'O', 'O', 'O', 'O', 'B-CARDINAL', 'O', 'O', 'B-DATE', 'B-LOC']"
"['ABOARD', 'AIR', 'FORCE', 'ONE', ',', 'Jan', '31', '(', 'Reuters', ')', 'U', '.', 'S', '.', 'President', 'Donald', 'Trump', 'on', 'Saturday', 'said', 'the', 'United', 'States', 'would', 'respond', 'in', 'a', 'significant', 'way', 'if', 'Canada', 'proceeds', 'with', 'the', 'trade', 'agreement', 'that', 'it', 'negotiated', 'with', 'China', '.']","['O', 'O', 'O', 'O', 'O', 'O', 'B-CARDINAL', 'O', 'B-ORG', 'O', 'B-LOC', 'I-LOC', 'I-LOC', 'I-LOC', 'O', 'B-PERSON', 'I-PERSON', 'I-PERSON', 'O', 'O', 'O', 'B-LOC', 'I-LOC', 'O', 'O', 'B-LOC', 'I-LOC', 'O', 'O', 'O', 'B-LOC', 'O', 'O', 'O', 'O', 'O', 'O', 'B-LOC', 'O', 'O', 'B-LOC', 'I-LOC']"
"['""', 'If', 'they', 'do', 'a', 'deal', 'with', 'China', ',', 'yeah', ',', ""we'll"", 'do', 'something', 'very', 'substantial', ',', '""', 'Trump', 'told', 'reporters', 'aboard', 'Air', 'Force', 'One', '.']","['O', 'O', 'O', 'O', 'B-ORG', 'O', 'O', 'B-LOC', 'O', 'O', 'O', 'O', 'O', 'O', 'O', 'O', 'O', 'O', 'B-PERSON', 'O', 'O', 'O', 'B-ORG', 'I-ORG', 'I-ORG', 'O']"
"['And', 'if', 'they', 'make', 'the', 'deal', 'that', ""he's"", 'looking', 'to', 'make', ',', 'China', 'will', 'take', 'over', 'Canada', '.', '""']","['O', 'O', 'O', 'O', 'O', 'O', 'O', 'O', 'O', 'O', 'O', 'O', 'B-LOC', 'O', 'O', 'O', 'B-LOC', 'O', 'O']"
"['Trump', 'last', 'week', 'said', 'he', 'would', 'impose', 'a', '100', 'tariffs', 'on', 'Canada', 'if', 'it', 'follows', 'through', 'on', 'a', 'trade', 'deal', 'with', 'China', '.']","['B-PERSON', 'O', 'O', 'O', 'O', 'O', 'O', 'B-LOC', 'B-CARDINAL', 'O', 'O', 'B-LOC', 'O', 'O', 'O', 'O', 'O', 'B-LOC', 'O', 'O', 'O', 'B-LOC', 'O']"
"['Summary', 'Companies', 'Refiners', 'need', 'time', 'to', 'complete', 'ongoing', 'Russian', 'imports', 'sources', 'Shipments', 'already', 'booked', 'would', 'arrive', 'in', 'March', ',', 'sources', 'say', 'US', 'wants', 'India', 'to', 'shift', 'to', 'Venezuelan', ',', 'US', 'oil', 'NEW', 'DELHI', ',', 'Feb', '3', '(', 'Reuters', ')', 'Indian', 'refiners', 'have', 'not', 'been', 'told', 'by', 'the', 'government', 'to', 'stop', 'buying', 'Russian', 'oil', 'and', 'would', 'need', 'a', 'wind', 'down', 'period', 'to', 'complete', 'purchases', 'already', 'in', 'process', ',', 'two', 'refining', 'sources', 'said', 'on', 'Tuesday', ',', 'following', 'a', 'trade', 'deal', 'with', 'Washington', '.']","['O', 'O', 'B-ORG', 'O', 'O', 'B-LOC', 'O', 'O', 'B-NORP', 'O', 'O', 'O', 'B-ORG', 'O', 'O', 'O', 'B-LOC', 'O', 'O', 'O', 'O', 'B-NORP', 'O', 'B-NORP', 'B-LOC', 'O', 'B-LOC', 'B-NORP', 'O', 'B-NORP', 'O', 'O', 'B-LOC', 'O', 'O', 'B-CARDINAL', 'O', 'B-ORG', 'O', 'B-NORP', 'B-ORG', 'O', 'O', 'O', 'O', 'O', 'O', 'O', 'B-LOC', 'O', 'O', 'B-NORP', 'O', 'O', 'O', 'O', 'B-LOC', 'O', 'O', 'O', 'B-LOC', 'O', 'O', 'B-ORG', 'B-LOC', 'O', 'O', 'O', 'B-ORG', 'O', 'O', 'B-LOC', 'O', 'O', 'O', 'B-LOC', 'I-LOC', 'I-LOC', 'O', 'B-LOC', 'O']"
"['On', 'Monday', ',', 'U', '.', 'S', '.', 'President', 'Donald', 'Trump', 'announced', 'a', 'trade', 'agreement', 'with', 'Indian', 'Prime', 'Minister', 'Narendra', 'Modi', 'that', 'included', 'halting', 'oil', 'purchases', 'from', 'Russia', ',', 'but', 'without', 'details', 'on', 'how', 'and', 'when', 'such', 'purchases', 'by', 'India', 'would', 'end', '.']","['B-PERSON', 'O', 'O', 'B-LOC', 'I-LOC', 'I-LOC', 'I-LOC', 'O', 'B-PERSON', 'I-PERSON', 'O', 'B-LOC', 'O', 'O', 'O', 'B-LOC', 'O', 'O', 'B-PERSON', 'I-PERSON', 'O', 'O', 'O', 'O', 'O', 'O', 'B-LOC', 'O', 'O', 'O', 'O', 'B-PERSON', 'O', 'O', 'O', 'O', 'O', 'O', 'B-LOC', 'O', 'B-PERSON', 'B-LOC']"
"['The', 'Reuters', 'Power', 'Up', 'newsletter', 'provides', 'everything', 'you', 'need', 'to', 'know', 'about', 'the', 'global', 'energy', 'industry', '.']","['O', 'B-ORG', 'I-ORG', 'I-ORG', 'O', 'O', 'O', 'O', 'O', 'O', 'O', 'O', 'O', 'O', 'O', 'O', 'O']"
"['While', 'India', 'has', 'slowed', 'Russian', 'oil', 'purchases', ',', 'refineries', 'have', 'already', 'booked', 'cargoes', 'loading', 'in', 'February', 'and', 'arriving', 'in', 'March', ',', 'the', 'sources', 'said', ',', 'declining', 'to', 'be', 'named', 'as', 'they', 'were', 'not', 'authorised', 'to', 'speak', 'with', 'the', 'media', '.']","['O', 'B-LOC', 'O', 'O', 'B-NORP', 'O', 'O', 'O', 'O', 'O', 'O', 'O', 'O', 'O', 'B-LOC', 'O', 'O', 'O', 'B-LOC', 'O', 'O', 'O', 'O', 'O', 'O', 'O', 'O', 'O', 'O', 'O', 'O', 'O', 'O', 'O', 'O', 'O', 'O', 'O', 'O', 'O']"
"['Trump', 'said', 'the', 'trade', 'deal', 'would', 'slash', 'U', '.', 'S', '.', 'tariffs', 'on', 'Indian', 'goods', 'to', '18', 'from', '50', ',', 'in', 'exchange', 'for', 'India', 'lowering', 'trade', 'barriers', ',', 'ending', 'Russian', 'oil', 'purchases', 'and', 'importing', 'instead', 'from', 'the', 'United', 'States', 'and', 'potentially', 'Venezuela', '.']","['B-PERSON', 'O', 'O', 'O', 'O', 'O', 'O', 'B-LOC', 'I-LOC', 'I-LOC', 'I-LOC', 'O', 'O', 'B-LOC', 'O', 'O', 'B-CARDINAL', 'O', 'B-CARDINAL', 'O', 'B-LOC', 'O', 'O', 'B-LOC', 'O', 'O', 'O', 'O', 'O', 'B-NORP', 'O', 'O', 'O', 'O', 'O', 'O', 'O', 'B-LOC', 'I-LOC', 'O', 'O', 'B-LOC', 'I-LOC']"
"['Modi', 'welcomed', 'the', 'tariff', 'reduction', 'but', 'made', 'no', 'mention', 'of', 'halting', 'Russian', 'oil', 'purchases', '.']","['B-PERSON', 'O', 'O', 'O', 'O', 'O', 'O', 'O', 'O', 'O', 'O', 'B-NORP', 'O', 'O', 'O']"
"['COMPLETE', 'HALT', 'OF', 'RUSSIAN', 'IMPORTS', ""'WOULD"", 'HURT', ""NAYARA'"", 'India', 'became', 'the', 'top', 'buyer', 'of', 'discounted', 'Russian', 'seaborne', 'crude', 'after', ""Moscow's"", 'war', 'in', 'Ukraine', 'began', 'in', '2022', ',', 'spurring', 'a', 'backlash', 'from', 'Western', 'nations', 'that', 'had', 'targeted', ""Russia's"", 'energy', 'sector', 'with', 'sanctions', 'aimed', 'at', 'curtailing', ""Moscow's"", 'revenue', 'and', 'making', 'it', 'harder', 'to', 'fund', 'the', 'war', '.']","['O', 'O', 'O', 'B-LOC', 'B-NORP', 'O', 'B-NORP', 'B-LOC', 'I-LOC', 'O', 'O', 'O', 'B-NORP', 'O', 'B-LOC', 'I-LOC', 'I-LOC', 'B-NORP', 'I-NORP', 'B-LOC', 'B-NORP', 'B-LOC', 'I-LOC', 'I-LOC', 'I-LOC', 'B-DATE', 'O', 'B-LOC', 'I-LOC', 'O', 'B-NORP', 'I-NORP', 'B-LOC', 'O', 'O', 'B-NORP', 'B-LOC', 'I-LOC', 'B-NORP', 'O', 'B-LOC', 'O', 'O', 'B-LOC', 'I-LOC', 'I-LOC', 'I-LOC', 'I-LOC', 'O', 'B-NORP', 'O', 'B-LOC', 'O', 'B-NORP', 'O']"
"['India', 'will', 'gradually', 'cut', 'Russian', 'oil', 'imports', ',', 'a', 'third', 'source', 'said', 'on', 'Tuesday', ',', 'adding', 'that', 'a', 'complete', 'halt', 'would', 'hurt', 'operations', 'at', 'Russia', 'backed', 'Nayara', ""Energy's"", '400', ',', '000', 'barrel', 'per', 'day', 'refinery', '.']","['B-LOC', 'O', 'O', 'O', 'B-NORP', 'O', 'O', 'O', 'B-ORG', 'O', 'O', 'O', 'O', 'O', 'O', 'O', 'O', 'B-ORG', 'O', 'O', 'O', 'O', 'O', 'O', 'B-NORP', 'O', 'B-ORG', 'O', 'B-CARDINAL', 'O', 'B-CARDINAL', 'O', 'O', 'O', 'O', 'O']"
"['The', 'plant', 'has', 'relied', 'solely', 'on', 'Russian', 'crude', 'following', 'European', 'Union', 'sanctions', 'on', 'the', 'company', 'last', 'July', '.']","['O', 'O', 'O', 'O', 'O', 'B-ORG', 'B-NORP', 'O', 'O', 'B-ORG', 'I-ORG', 'O', 'B-ORG', 'O', 'O', 'O', 'O', 'O']"
"['However', ',', 'Nayara', 'is', 'not', 'planning', 'to', 'load', 'Russian', 'oil', 'in', 'April', 'as', 'it', 'will', 'be', 'shutting', 'its', 'refinery', 'for', 'over', 'a', 'month', 'for', 'maintenance', 'from', 'April', '10', ',', 'the', 'third', 'source', 'added', '.']","['O', 'O', 'B-ORG', 'O', 'O', 'O', 'O', 'O', 'B-NORP', 'O', 'O', 'O', 'O', 'O', 'O', 'O', 'O', 'O', 'O', 'O', 'O', 'B-NORP', 'O', 'O', 'O', 'O', 'O', 'B-CARDINAL', 'O', 'O', 'O', 'O', 'O', 'O']"
"['Two', 'other', 'refiners', 'have', 'paused', 'new', 'orders', 'in', 'recent', 'days', 'after', 'booking', 'volumes', 'for', 'February', 'and', 'March', ',', 'industry', 'sources', 'said', 'on', 'Tuesday', '.']","['O', 'O', 'O', 'O', 'O', 'O', 'O', 'O', 'O', 'O', 'O', 'O', 'O', 'O', 'O', 'O', 'O', 'O', 'O', 'O', 'O', 'O', 'O', 'O']"
"['One', 'of', 'the', 'sources', 'said', 'his', 'company', 'may', 'delay', 'lifting', 'March', 'cargoes', 'into', 'April', 'to', 'cap', 'India', 's', 'overall', 'Russian', 'oil', 'intake', '.']","['O', 'O', 'O', 'O', 'O', 'O', 'O', 'O', 'O', 'O', 'O', 'O', 'O', 'O', 'O', 'O', 'B-LOC', 'B-NORP', 'O', 'B-NORP', 'O', 'O', 'O']"
"['The', 'sources', ',', 'declining', 'to', 'be', 'named', 'as', 'they', 'were', 'not', 'authorised', 'to', 'speak', 'to', 'the', 'media', ',', 'said', 'future', 'purchases', 'would', 'depend', 'on', 'government', 'guidance', '.']","['O', 'O', 'O', 'O', 'O', 'O', 'O', 'O', 'O', 'O', 'O', 'O', 'O', 'O', 'O', 'O', 'O', 'O', 'O', 'O', 'O', 'O', 'O', 'O', 'O', 'O', 'O']"
"['PREPARING', 'TO', 'SCALE', 'BACK', 'RUSSIAN', 'IMPORTS', 'Indian', 'Oil', 'Corp', '(', 'IOC', '.', 'NS', ')', ',', 'opens', 'new', 'tab', ',', 'Bharat', 'Petroleum', 'Corp', '(', 'BPCL', '.', 'NS', ')', ',', 'opens', 'new', 'tab', 'and', 'Nayara', 'have', 'been', 'regular', 'buyers', 'of', 'Russian', 'oil', '.']","['B-ORG', 'O', 'O', 'B-ORG', 'B-NORP', 'B-ORG', 'I-ORG', 'I-ORG', 'I-ORG', 'O', 'B-ORG', 'I-ORG', 'I-ORG', 'O', 'O', 'O', 'O', 'B-ORG', 'O', 'B-ORG', 'I-ORG', 'I-ORG', 'O', 'B-ORG', 'I-ORG', 'I-ORG', 'O', 'O', 'O', 'O', 'B-ORG', 'O', 'B-ORG', 'O', 'B-ORG', 'B-NORP', 'B-ORG', 'O', 'B-NORP', 'B-ORG', 'I-ORG']"
"['Reliance', 'Industries', '(', 'RELI', '.', 'NS', ')', ',', 'opens', 'new', 'tab', ',', 'which', 'paused', 'buying', 'Russian', 'oil', 'for', 'a', 'month', ',', 'will', 'buy', 'up', 'to', '150', ',', '000', 'barrels', 'per', 'day', 'from', 'February', ',', 'a', 'company', 'executive', 'said', 'last', 'week', '.']","['B-ORG', 'I-ORG', 'O', 'B-ORG', 'I-ORG', 'I-ORG', 'O', 'O', 'O', 'O', 'O', 'O', 'O', 'O', 'O', 'B-NORP', 'O', 'B-ORG', 'B-NORP', 'O', 'O', 'O', 'O', 'O', 'O', 'B-CARDINAL', 'O', 'B-CARDINAL', 'B-ORG', 'I-ORG', 'O', 'B-ORG', 'I-ORG', 'O', 'B-NORP', 'O', 'O', 'O', 'O', 'O', 'B-ORG']"
"['The', 'four', 'companies', 'and', ""India's"", 'oil', 'ministry', 'did', 'not', 'respond', 'to', 'emails', 'seeking', 'comment', '.']","['O', 'O', 'O', 'O', 'B-LOC', 'O', 'O', 'O', 'O', 'O', 'O', 'O', 'O', 'O', 'O']"
"['Last', 'week', ',', 'sources', 'said', 'that', 'India', 'was', 'preparing', 'to', 'reduce', 'Russian', 'oil', 'imports', 'to', 'below', '1', 'million', 'barrels', 'per', 'day', ',', 'with', 'one', 'saying', 'such', 'imports', 'eventually', 'would', 'total', '500', ',', '000', '600', ',', '000', 'bpd', '.']","['O', 'O', 'O', 'O', 'O', 'O', 'B-LOC', 'O', 'O', 'O', 'O', 'B-NORP', 'O', 'O', 'O', 'O', 'B-CARDINAL', 'O', 'O', 'O', 'O', 'O', 'O', 'O', 'O', 'O', 'O', 'O', 'O', 'O', 'B-CARDINAL', 'O', 'B-CARDINAL', 'B-CARDINAL', 'O', 'B-CARDINAL', 'O', 'O']"
"[""India's"", 'Russian', 'oil', 'imports', 'peaked', 'at', 'around', '2', 'million', 'bpd', 'last', 'June', '.']","['B-LOC', 'B-NORP', 'O', 'O', 'O', 'O', 'O', 'B-CARDINAL', 'O', 'O', 'O', 'O', 'O']"
"['Trump', 'said', 'on', 'Saturday', 'India', 'would', 'buy', 'Venezuelan', 'oil', ',', 'but', 'refining', 'sources', 'said', 'on', 'Tuesday', 'that', 'only', 'Reliance', 'and', 'Nayara', 'had', 'the', 'refining', 'capability', 'to', 'process', 'heavy', 'crude', 'in', 'large', 'volumes', '.']","['B-PERSON', 'O', 'O', 'O', 'B-LOC', 'O', 'O', 'B-NORP', 'O', 'O', 'O', 'O', 'O', 'O', 'O', 'O', 'O', 'O', 'B-ORG', 'O', 'B-ORG', 'O', 'O', 'O', 'O', 'O', 'O', 'O', 'O', 'B-LOC', 'O', 'O', 'O']"
"['State', 'refiners', ',', 'they', 'said', ',', 'could', 'not', 'simply', 'switch', 'to', 'Venezualan', 'oil', 'and', 'would', 'only', 'be', 'able', 'to', 'replace', 'less', 'than', '10', 'of', 'Russian', 'supplies', '.']","['O', 'O', 'O', 'O', 'O', 'O', 'O', 'O', 'O', 'O', 'O', 'B-NORP', 'O', 'O', 'O', 'O', 'O', 'O', 'O', 'O', 'O', 'O', 'B-CARDINAL', 'O', 'B-NORP', 'O', 'O']"
"[""India's"", 'Russian', 'oil', 'imports', 'fell', 'to', 'their', 'lowest', 'level', 'in', 'two', 'years', 'in', 'December', ',', 'data', 'from', 'trade', 'sources', 'showed', '.']","['B-LOC', 'B-NORP', 'O', 'O', 'O', 'O', 'O', 'O', 'O', 'B-LOC', 'O', 'O', 'B-LOC', 'O', 'O', 'O', 'O', 'O', 'O', 'O', 'O']"
"['Indian', 'refiners', 'have', 'been', 'buying', 'more', 'from', 'Middle', 'Eastern', ',', 'African', 'and', 'South', 'American', 'countries', 'as', 'they', 'scale', 'back', 'Russian', 'oil', 'purchases', ',', 'refining', 'sources', 'said', 'last', 'month', '.']","['B-NORP', 'O', 'O', 'O', 'O', 'O', 'O', 'B-NORP', 'I-NORP', 'O', 'B-NORP', 'O', 'B-NORP', 'I-NORP', 'O', 'B-NORP', 'O', 'O', 'O', 'B-NORP', 'O', 'O', 'O', 'O', 'O', 'O', 'O', 'O', 'O']"
"['Presently', ',', 'she', 'is', 'working', 'as', 'Team', 'Leader', 'Energy', 'in', 'India', '.']","['O', 'O', 'O', 'O', 'O', 'O', 'O', 'O', 'B-ORG', 'B-LOC', 'I-LOC', 'O']"
"['She', 'has', 'more', 'than', 'two', 'decades', 'of', 'experience', 'in', 'covering', 'India', 'and', 'global', 'energy', 'sector', '.']","['O', 'O', 'O', 'O', 'O', 'O', 'O', 'O', 'B-LOC', 'O', 'B-LOC', 'O', 'O', 'O', 'O', 'O']"
"['Her', 'stories', 'show', 'a', 'new', 'dimension', 'of', 'the', 'energy', 'sector', ',', 'the', 'nuances', 'of', 'the', 'oil', 'trade', ',', 'the', 'role', 'of', 'geopolitics', 'and', 'the', 'diplomatic', 'efforts', 'that', 'a', 'country', 'makes', 'to', 'mitigate', 'the', 'impact', 'of', 'external', 'shocks', '.']","['O', 'O', 'O', 'O', 'O', 'O', 'O', 'O', 'O', 'O', 'O', 'O', 'O', 'O', 'O', 'O', 'O', 'O', 'O', 'O', 'O', 'O', 'O', 'O', 'O', 'O', 'O', 'O', 'O', 'O', 'O', 'O', 'O', 'O', 'O', 'O', 'O', 'O']"
"['Summary', 'Companies', 'Bitcoin', 'trading', 'below', '80k', 'after', 'a', '6', 'drop', 'on', 'Saturday', ""Microsoft's"", 'Azure', 'revenue', 'growth', 'disappoints', ',', 'impacting', 'AI', 'sentiment', 'Trump', 'nominates', 'Kevin', 'Warsh', 'for', 'Fed', ',', 'markets', 'expect', 'rate', 'cuts', 'Feb', '2', '(', 'Reuters', ')', 'Bitcoin', 'investors', 'liquidated', '2', '.', '56', 'billion', 'in', 'recent', 'days', ',', 'according', 'to', 'data', 'provider', 'CoinGlass', ',', 'as', 'cryptocurrencies', 'slumped', 'following', 'a', 'sell', 'off', 'in', 'other', 'risk', 'assets', ',', 'including', 'equities', 'and', 'precious', 'metals', '.']","['O', 'B-ORG', 'I-ORG', 'O', 'O', 'O', 'O', 'B-ORG', 'B-CARDINAL', 'O', 'O', 'O', 'B-ORG', 'B-NORP', 'O', 'O', 'O', 'O', 'O', 'B-NORP', 'O', 'B-PERSON', 'O', 'B-PERSON', 'I-PERSON', 'O', 'B-ORG', 'O', 'O', 'O', 'O', 'O', 'O', 'B-CARDINAL', 'O', 'B-ORG', 'O', 'B-ORG', 'O', 'O', 'B-CARDINAL', 'O', 'B-CARDINAL', 'O', 'B-ORG', 'O', 'O', 'O', 'O', 'O', 'O', 'O', 'B-ORG', 'O', 'B-ORG', 'O', 'O', 'O', 'B-ORG', 'O', 'O', 'B-ORG', 'O', 'O', 'O', 'O', 'O', 'O', 'O', 'O', 'O', 'O']"
"['The', 'wipeouts', 'in', 'both', 'short', 'and', 'long', 'bitcoin', 'positions', 'are', 'far', 'below', 'the', 'record', '19', 'billion', 'in', 'crypto', 'liquidations', 'the', 'market', 'experienced', 'after', 'U', '.', 'S', '.', 'President', 'Donald', 'Trump', 'announced', 'new', 'tariffs', 'on', 'China', '.']","['O', 'O', 'B-LOC', 'O', 'O', 'O', 'O', 'O', 'O', 'O', 'O', 'O', 'O', 'O', 'B-CARDINAL', 'O', 'B-LOC', 'O', 'O', 'O', 'O', 'O', 'O', 'B-PERSON', 'B-LOC', 'I-LOC', 'I-LOC', 'O', 'B-PERSON', 'I-PERSON', 'O', 'O', 'O', 'B-PERSON', 'B-LOC', 'I-LOC']"
"['Even', 'so', ',', 'analysts', 'say', 'the', 'fresh', 'cascade', 'of', 'wipeouts', 'demonstrates', 'how', 'sensitive', 'the', 'crypto', 'market', 'has', 'become', 'to', 'risk', 'off', 'sentiment', '.']","['O', 'O', 'O', 'O', 'O', 'O', 'O', 'O', 'O', 'O', 'O', 'O', 'O', 'O', 'O', 'O', 'O', 'O', 'O', 'O', 'O', 'O', 'O']"
"['The', 'Week', 'in', 'Breakingviews', 'newsletter', 'offers', 'insights', 'and', 'ideas', 'from', ""Reuters'"", 'global', 'financial', 'commentary', 'team', '.']","['O', 'B-NORP', 'I-NORP', 'I-NORP', 'O', 'O', 'O', 'O', 'O', 'O', 'B-ORG', 'O', 'O', 'O', 'O', 'O']"
"['While', 'bitcoin', 'is', 'notoriously', 'volatile', ',', 'cryptocurrencies', 'have', 'been', 'weighed', 'down', 'by', 'fresh', 'concerns', 'about', 'the', 'AI', 'trade', 'and', 'a', 'sell', 'off', 'in', 'precious', 'metals', 'sparked', 'by', ""Trump's"", 'announcement', 'that', 'he', 'was', 'picking', 'Kevin', 'Warsh', 'as', 'his', 'Fed', 'chair', 'nominee', '.']","['O', 'O', 'O', 'O', 'O', 'O', 'O', 'O', 'O', 'O', 'O', 'O', 'O', 'O', 'O', 'O', 'B-NORP', 'O', 'O', 'B-PERSON', 'O', 'O', 'B-PERSON', 'O', 'O', 'O', 'O', 'B-PERSON', 'O', 'O', 'O', 'O', 'O', 'B-PERSON', 'I-PERSON', 'O', 'O', 'B-ORG', 'B-NORP', 'O', 'O']"
"['""', 'What', ""we've"", 'seen', 'the', 'last', 'few', 'months', 'is', 'probably', 'people', 'taking', 'a', 'step', 'back', 'while', 'they', 'have', 'to', 'reassess', 'their', 'risk', 'frameworks', 'and', 'how', 'they', 'operate', 'in', 'this', 'market', ',', '""', 'said', 'Adam', 'McCarthy', ',', 'a', 'senior', 'research', 'analyst', 'at', 'digital', 'market', 'data', 'provider', 'Kaiko', '.']","['O', 'O', 'O', 'O', 'O', 'O', 'O', 'O', 'O', 'O', 'O', 'O', 'B-ORG', 'O', 'O', 'O', 'O', 'O', 'O', 'O', 'O', 'O', 'O', 'O', 'O', 'O', 'O', 'O', 'O', 'O', 'O', 'O', 'O', 'B-PERSON', 'I-PERSON', 'O', 'B-ORG', 'O', 'O', 'O', 'O', 'O', 'O', 'O', 'O', 'B-ORG', 'O']"
"['Bitcoin', 'fell', 'as', 'low', 'as', '104', ',', '782', '.', '88', 'during', 'the', 'October', '10', '11', 'period', ',', 'after', 'setting', 'a', 'fresh', 'record', 'high', 'just', 'days', 'earlier', 'above', '126', ',', '000', '.']","['B-ORG', 'O', 'O', 'O', 'O', 'B-CARDINAL', 'O', 'B-CARDINAL', 'O', 'B-CARDINAL', 'O', 'O', 'O', 'B-CARDINAL', 'B-CARDINAL', 'O', 'O', 'O', 'O', 'O', 'O', 'O', 'O', 'O', 'O', 'O', 'O', 'B-CARDINAL', 'O', 'B-CARDINAL', 'O']"
"['It', 'has', 'yet', 'to', 'regain', 'those', 'peaks', ',', 'and', 'was', 'last', 'trading', 'at', 'around', '78', ',', '396', ',', 'after', 'falling', 'more', 'than', '6', 'on', 'Saturday', '.']","['O', 'O', 'O', 'O', 'O', 'O', 'O', 'O', 'O', 'O', 'O', 'O', 'O', 'O', 'B-CARDINAL', 'O', 'B-CARDINAL', 'O', 'O', 'O', 'O', 'O', 'B-CARDINAL', 'O', 'O', 'O']"
"['Thin', 'weekend', 'liquidity', 'also', 'exacerbated', 'downward', 'moves', 'over', 'the', 'weekend', ',', 'Bitfinex', 'analysts', 'said', 'in', 'a', 'Monday', 'research', 'report', '.']","['O', 'O', 'O', 'O', 'O', 'O', 'O', 'O', 'O', 'O', 'O', 'B-ORG', 'O', 'O', 'B-ORG', 'O', 'O', 'O', 'O', 'O']"
